Step;RediscrTime/s;SumRediscrVolume--8e+06--;X;lnt;ln(-ln(1-X))
0;0.468776;2017.55;0.000252193;-0.757629;-8.28519
1;0.937553;3088.09;0.000386011;-0.0644821;-7.85945
2;1.40633;4158.64;0.000519829;0.340983;-7.56175
3;1.87511;5229.18;0.000653648;0.628665;-7.33262
4;2.34388;6299.73;0.000787466;0.851809;-7.1463
5;2.81266;7370.27;0.000921284;1.03413;-6.98928
6;3.28144;8440.82;0.0010551;1.18828;-6.85359
7;3.75021;9511.36;0.00118892;1.32181;-6.73412
8;4.21899;10581.9;0.00132274;1.4396;-6.62739
9;4.68776;11652.5;0.00145656;1.54496;-6.53095
10;5.15654;12723;0.00159037;1.64027;-6.44299
11;5.62532;13793.5;0.00172419;1.72728;-6.36213
12;6.09409;14864.1;0.00185801;1.80732;-6.28732
13;6.56287;15934.6;0.00199183;1.88143;-6.21771
14;7.03165;17005.2;0.00212565;1.95042;-6.15262
15;7.50042;18075.7;0.00225947;2.01496;-6.0915
16;7.9692;19146.3;0.00239328;2.07558;-6.03389
17;8.43798;20216.8;0.0025271;2.13274;-5.97942
18;8.90675;21287.4;0.00266092;2.18681;-5.92775
19;9.37553;22357.9;0.00279474;2.2381;-5.87862
20;9.84431;23428.4;0.00292856;2.28689;-5.83178
21;10.3131;24499;0.00306237;2.33341;-5.78703
22;10.7819;25569.5;0.00319619;2.37786;-5.74419
23;11.2506;26640.1;0.00333001;2.42042;-5.70311
24;11.7194;27710.6;0.00346383;2.46125;-5.66365
25;12.1882;28781.2;0.00359765;2.50047;-5.62567
26;12.657;29851.7;0.00373146;2.53821;-5.58909
27;13.1257;30922.3;0.00386528;2.57458;-5.55378
28;13.5945;31992.8;0.0039991;2.60967;-5.51968
29;14.0633;33063.4;0.00413292;2.64357;-5.4867
30;14.5321;34133.9;0.00426674;2.67636;-5.45477
31;15.0008;35204.4;0.00440056;2.70811;-5.42382
32;15.4696;36275;0.00453437;2.73888;-5.3938
33;15.9384;37345.5;0.00466819;2.76873;-5.36464
34;16.4072;38416.1;0.00480201;2.79772;-5.33631
35;16.876;39486.6;0.00493583;2.82589;-5.30876
36;17.3447;40557.2;0.00506965;2.85329;-5.28194
37;17.8135;41627.7;0.00520346;2.87996;-5.25582
38;18.2823;42698.3;0.00533728;2.90593;-5.23036
39;18.7511;43768.8;0.0054711;2.93125;-5.20553
40;19.2198;44839.3;0.00560492;2.95594;-5.1813
41;19.6886;45909.9;0.00573874;2.98004;-5.15764
42;20.1574;46980.4;0.00587255;3.00357;-5.13452
43;20.6262;48051;0.00600637;3.02656;-5.11192
44;21.0949;49121.5;0.00614019;3.04903;-5.08982
45;21.5637;50192.1;0.00627401;3.07101;-5.06819
46;22.0325;51262.6;0.00640783;3.09252;-5.04702
47;22.5013;52333.2;0.00654165;3.11357;-5.02629
48;22.97;53403.7;0.00667546;3.13419;-5.00597
49;23.4388;54474.3;0.00680928;3.15439;-4.98605
50;23.9076;55544.8;0.0069431;3.1742;-4.96653
51;24.3764;56615.3;0.00707692;3.19361;-4.94737
52;24.8452;57685.9;0.00721074;3.21266;-4.92857
53;25.3139;58756.4;0.00734455;3.23135;-4.91011
54;25.7827;59827;0.00747837;3.2497;-4.89199
55;26.2515;60897.5;0.00761219;3.26772;-4.87419
56;26.7203;61968.1;0.00774601;3.28542;-4.85669
57;27.189;63038.6;0.00787983;3.30281;-4.8395
58;27.6578;64109.2;0.00801364;3.31991;-4.82259
59;28.1266;65179.7;0.00814746;3.33672;-4.80596
60;28.5954;66250.2;0.00828128;3.35324;-4.7896
61;29.0641;67320.8;0.0084151;3.36951;-4.77351
62;29.5329;68391.3;0.00854892;3.38551;-4.75766
63;30.0017;69461.9;0.00868274;3.40125;-4.74206
64;30.4705;70532.4;0.00881655;3.41676;-4.7267
65;30.9392;71603;0.00895037;3.43203;-4.71157
66;31.408;72673.5;0.00908419;3.44706;-4.69666
67;31.8768;73744.1;0.00921801;3.46188;-4.68197
68;32.3456;74814.6;0.00935183;3.47648;-4.66749
69;32.8144;75885.2;0.00948564;3.49087;-4.65321
70;33.2831;76955.7;0.00961946;3.50505;-4.63914
71;33.7519;78026.2;0.00975328;3.51904;-4.62525
72;34.2207;79096.8;0.0098871;3.53283;-4.61156
73;34.6895;80167.3;0.0100209;3.54644;-4.59805
74;35.1582;81237.9;0.0101547;3.55986;-4.58472
75;35.627;82308.4;0.0102886;3.5731;-4.57156
76;36.0958;83379;0.0104224;3.58618;-4.55857
77;36.5646;84449.5;0.0105562;3.59908;-4.54574
78;37.0333;85520.1;0.01069;3.61182;-4.53308
79;37.5021;86590.6;0.0108238;3.6244;-4.52057
80;37.9709;87661.2;0.0109576;3.63682;-4.50821
81;38.4397;90647.6;0.011331;3.64909;-4.47452
82;38.9084;93818.2;0.0117273;3.66121;-4.43995
83;39.3772;96988.8;0.0121236;3.67319;-4.40651
84;39.846;100159;0.0125199;3.68502;-4.37414
85;40.3148;103330;0.0129162;3.69672;-4.34278
86;40.7835;106501;0.0133126;3.70828;-4.31235
87;41.2523;109671;0.0137089;3.71971;-4.28282
88;41.7211;112842;0.0141052;3.73101;-4.25412
89;42.1899;116012;0.0145015;3.74218;-4.22621
90;42.6587;119183;0.0148979;3.75323;-4.19904
91;43.1274;122353;0.0152942;3.76416;-4.17259
92;43.5962;125524;0.0156905;3.77497;-4.1468
93;44.065;128695;0.0160868;3.78567;-4.12166
94;44.5338;131865;0.0164831;3.79625;-4.09712
95;45.0025;135036;0.0168795;3.80672;-4.07316
96;45.4713;138206;0.0172758;3.81708;-4.04975
97;45.9401;141377;0.0176721;3.82734;-4.02687
98;46.4089;144548;0.0180684;3.83749;-4.00449
99;46.8776;147718;0.0184648;3.84754;-3.98259
100;47.3464;150889;0.0188611;3.85749;-3.96115
101;47.8152;154059;0.0192574;3.86734;-3.94015
102;48.284;157230;0.0196537;3.8771;-3.91958
103;48.7527;160400;0.0200501;3.88676;-3.89941
104;49.2215;163571;0.0204464;3.89633;-3.87964
105;49.6903;166742;0.0208427;3.90581;-3.86024
106;50.1591;169912;0.021239;3.9152;-3.8412
107;50.6279;173083;0.0216353;3.9245;-3.82251
108;51.0966;176253;0.0220317;3.93372;-3.80416
109;51.5654;179424;0.022428;3.94285;-3.78613
110;52.0342;182594;0.0228243;3.9519;-3.76841
111;52.503;185765;0.0232206;3.96087;-3.75099
112;52.9717;188936;0.023617;3.96976;-3.73386
113;53.4405;193322;0.0241653;3.97857;-3.71063
114;53.9093;199041;0.0248801;3.9873;-3.68112
115;54.3781;204759;0.0255949;3.99596;-3.65243
116;54.8468;210478;0.0263097;4.00454;-3.62452
117;55.3156;216196;0.0270245;4.01306;-3.59734
118;55.7844;221915;0.0277393;4.02149;-3.57087
119;56.2532;227633;0.0284542;4.02986;-3.54506
120;56.7219;233352;0.029169;4.03816;-3.51988
121;57.1907;239070;0.0298838;4.04639;-3.49531
122;57.6595;244789;0.0305986;4.05456;-3.4713
123;58.1283;249837;0.0312296;4.06265;-3.45057
124;58.5971;254657;0.0318322;4.07068;-3.43115
125;59.0658;259478;0.0324347;4.07865;-3.41208
126;59.5346;264298;0.0330373;4.08656;-3.39337
127;60.0034;269119;0.0336399;4.0944;-3.37498
128;60.4722;273940;0.0342424;4.10218;-3.35692
129;60.9409;278760;0.034845;4.10991;-3.33916
130;61.4097;283581;0.0354476;4.11757;-3.32171
131;61.8785;288401;0.0360501;4.12517;-3.30454
132;62.3473;293222;0.0366527;4.13272;-3.28766
133;62.816;298042;0.0372553;4.14021;-3.27104
134;63.2848;302863;0.0378579;4.14765;-3.25468
135;63.7536;307683;0.0384604;4.15503;-3.23858
136;64.2224;312504;0.039063;4.16235;-3.22272
137;64.6911;317325;0.0396656;4.16962;-3.2071
138;65.1599;322145;0.0402681;4.17684;-3.19171
139;65.6287;326966;0.0408707;4.18401;-3.17655
140;66.0975;331786;0.0414733;4.19113;-3.1616
141;66.5663;336607;0.0420758;4.1982;-3.14687
142;67.035;342609;0.0428261;4.20522;-3.1288
143;67.5038;351565;0.0439457;4.21218;-3.10242
144;67.9726;360522;0.0450652;4.2191;-3.07668
145;68.4414;369478;0.0461848;4.22598;-3.05156
146;68.9101;378434;0.0473043;4.2328;-3.02702
147;69.3789;387391;0.0484238;4.23958;-3.00305
148;69.8477;396347;0.0495434;4.24632;-2.97961
149;70.3165;405303;0.0506629;4.25301;-2.95668
150;70.7852;414260;0.0517825;4.25965;-2.93424
151;71.254;423216;0.052902;4.26625;-2.91226
152;71.7228;432173;0.0540216;4.27281;-2.89073
153;72.1916;441129;0.0551411;4.27932;-2.86963
154;72.6603;450085;0.0562607;4.2858;-2.84895
155;73.1291;458835;0.0573543;4.29223;-2.82912
156;73.5979;467127;0.0583909;4.29862;-2.81066
157;74.0667;475420;0.0594275;4.30497;-2.79252
158;74.5355;483712;0.060464;4.31127;-2.77468
159;75.0042;492005;0.0615006;4.31754;-2.75714
160;75.473;500298;0.0625372;4.32378;-2.73988
161;75.9418;508590;0.0635738;4.32997;-2.72289
162;76.4106;516883;0.0646103;4.33612;-2.70617
163;76.8793;525175;0.0656469;4.34224;-2.68971
164;77.3481;533468;0.0666835;4.34832;-2.67349
165;77.8169;542024;0.067753;4.35436;-2.65701
166;78.2857;550770;0.0688463;4.36036;-2.64043
167;78.7544;559516;0.0699395;4.36633;-2.62409
168;79.2232;568263;0.0710328;4.37227;-2.608
169;79.692;577009;0.0721261;4.37817;-2.59214
170;80.1608;585755;0.0732194;4.38403;-2.57652
171;80.6295;594501;0.0743126;4.38987;-2.56111
172;81.0983;603247;0.0754059;4.39566;-2.54593
173;81.5671;611994;0.0764992;4.40143;-2.53095
174;82.0359;620740;0.0775925;4.40716;-2.51617
175;82.5047;633066;0.0791333;4.41285;-2.49568
176;82.9734;646021;0.0807527;4.41852;-2.47456
177;83.4422;658976;0.0823721;4.42415;-2.45384
178;83.911;670574;0.0838218;4.42976;-2.43561
179;84.3798;681294;0.0851617;4.43533;-2.41903
180;84.8485;692013;0.0865016;4.44087;-2.4027
181;85.3173;702732;0.0878415;4.44638;-2.3866
182;85.7861;713452;0.0891815;4.45186;-2.37074
183;86.2549;724171;0.0905214;4.45731;-2.3551
184;86.7236;734890;0.0918613;4.46273;-2.33968
185;87.1924;745610;0.0932012;4.46812;-2.32448
186;87.6612;756329;0.0945411;4.47348;-2.30947
187;88.13;767048;0.0958811;4.47881;-2.29467
188;88.5987;778077;0.0972596;4.48412;-2.27965
189;89.0675;789149;0.0986437;4.48939;-2.26476
190;89.5363;800221;0.100028;4.49464;-2.25008
191;90.0051;811294;0.101412;4.49987;-2.23558
192;90.4739;822366;0.102796;4.50506;-2.22127
193;90.9426;833438;0.10418;4.51023;-2.20713
194;91.4114;844510;0.105564;4.51537;-2.19318
195;91.8802;855582;0.106948;4.52049;-2.17939
196;92.349;866654;0.108332;4.52557;-2.16577
197;92.8177;877014;0.109627;4.53064;-2.15318
198;93.2865;883205;0.110401;4.53568;-2.14572
199;93.7553;889396;0.111174;4.54069;-2.13831
200;94.2241;895587;0.111948;4.54568;-2.13094
201;94.6928;909815;0.113727;4.55064;-2.1142
202;95.1616;924911;0.115614;4.55558;-2.0967
203;95.6304;940006;0.117501;4.56049;-2.07946
204;96.0992;955102;0.119388;4.56538;-2.06248
205;96.5679;970197;0.121275;4.57025;-2.04575
206;97.0367;985293;0.123162;4.57509;-2.02926
207;97.5055;999213;0.124902;4.57991;-2.01426
208;97.9743;1.01148e+06;0.126435;4.5847;-2.0012
209;98.4431;1.02374e+06;0.127968;4.58948;-1.98829
210;98.9118;1.03601e+06;0.129501;4.59423;-1.97552
211;99.3806;1.04828e+06;0.131035;4.59896;-1.96289
212;99.8494;1.06054e+06;0.132568;4.60366;-1.95039
213;100.318;1.07281e+06;0.134101;4.60835;-1.93803
214;100.787;1.08507e+06;0.135634;4.61301;-1.9258
215;101.256;1.09734e+06;0.137168;4.61765;-1.91369
216;101.724;1.10961e+06;0.138701;4.62227;-1.90171
217;102.193;1.12588e+06;0.140736;4.62687;-1.88599
218;102.662;1.14401e+06;0.143001;4.63144;-1.86874
219;103.131;1.16213e+06;0.145266;4.636;-1.85173
220;103.6;1.17656e+06;0.14707;4.64053;-1.83836
221;104.068;1.18631e+06;0.148289;4.64505;-1.82941
222;104.537;1.19607e+06;0.149508;4.64954;-1.82053
223;105.006;1.20582e+06;0.150728;4.65402;-1.81171
224;105.475;1.21557e+06;0.151947;4.65847;-1.80295
225;105.943;1.22533e+06;0.153166;4.66291;-1.79426
226;106.412;1.23508e+06;0.154385;4.66732;-1.78563
227;106.881;1.25821e+06;0.157276;4.67172;-1.76542
228;107.35;1.28197e+06;0.160246;4.67609;-1.74499
229;107.819;1.30573e+06;0.163216;4.68045;-1.72491
230;108.287;1.31885e+06;0.164856;4.68479;-1.71396
231;108.756;1.32765e+06;0.165956;4.68911;-1.70667
232;109.225;1.33645e+06;0.167056;4.69341;-1.69942
233;109.694;1.34525e+06;0.168156;4.69769;-1.69222
234;110.162;1.35405e+06;0.169256;4.70196;-1.68506
235;110.631;1.36285e+06;0.170356;4.7062;-1.67794
236;111.1;1.3762e+06;0.172025;4.71043;-1.66721
237;111.569;1.40533e+06;0.175666;4.71464;-1.64413
238;112.038;1.43446e+06;0.179308;4.71883;-1.62147
239;112.506;1.4636e+06;0.182949;4.72301;-1.59922
240;112.975;1.48001e+06;0.185002;4.72717;-1.58685
241;113.444;1.49618e+06;0.187022;4.73131;-1.57479
242;113.913;1.51234e+06;0.189043;4.73543;-1.56284
243;114.381;1.52851e+06;0.191063;4.73954;-1.55101
244;114.85;1.54467e+06;0.193084;4.74363;-1.53928
245;115.319;1.56084e+06;0.195105;4.7477;-1.52766
246;115.788;1.577e+06;0.197125;4.75176;-1.51615
247;116.257;1.59317e+06;0.199146;4.7558;-1.50473
248;116.725;1.60933e+06;0.201166;4.75982;-1.49342
249;117.194;1.62563e+06;0.203204;4.76383;-1.48211
250;117.663;1.64235e+06;0.205294;4.76782;-1.47062
251;118.132;1.65907e+06;0.207383;4.7718;-1.45923
252;118.6;1.67569e+06;0.209461;4.77576;-1.448
253;119.069;1.67756e+06;0.209695;4.7797;-1.44674
254;119.538;1.67943e+06;0.209929;4.78363;-1.44548
255;120.007;1.68131e+06;0.210163;4.78755;-1.44422
256;120.476;1.70398e+06;0.212998;4.79145;-1.4291
257;120.944;1.73313e+06;0.216641;4.79533;-1.40992
258;121.413;1.76227e+06;0.220283;4.7992;-1.39101
259;121.882;1.7876e+06;0.223449;4.80305;-1.37479
260;122.351;1.8094e+06;0.226175;4.80689;-1.36098
261;122.819;1.8312e+06;0.2289;4.81072;-1.34731
262;123.288;1.8507e+06;0.231338;4.81452;-1.33521
263;123.757;1.86417e+06;0.233021;4.81832;-1.32691
264;124.226;1.87764e+06;0.234705;4.8221;-1.31866
265;124.695;1.89111e+06;0.236389;4.82587;-1.31046
266;125.163;1.90458e+06;0.238072;4.82962;-1.30231
267;125.632;1.91805e+06;0.239756;4.83336;-1.29421
268;126.101;1.93152e+06;0.241439;4.83708;-1.28615
269;126.57;1.95533e+06;0.244416;4.84079;-1.27202
270;127.038;1.98191e+06;0.247739;4.84449;-1.25642
271;127.507;2.00849e+06;0.251061;4.84817;-1.24099
272;127.976;2.02769e+06;0.253461;4.85184;-1.22995
273;128.445;2.04073e+06;0.255092;4.8555;-1.2225
274;128.914;2.05378e+06;0.256722;4.85914;-1.21508
275;129.382;2.06682e+06;0.258353;4.86277;-1.20771
276;129.851;2.07987e+06;0.259984;4.86639;-1.20037
277;130.32;2.09292e+06;0.261614;4.86999;-1.19307
278;130.789;2.10701e+06;0.263376;4.87358;-1.18522
279;131.257;2.13795e+06;0.267244;4.87716;-1.16815
280;131.726;2.16889e+06;0.271111;4.88073;-1.15127
281;132.195;2.19983e+06;0.274979;4.88428;-1.13459
282;132.664;2.21785e+06;0.277232;4.88782;-1.12496
283;133.133;2.23294e+06;0.279118;4.89134;-1.11694
284;133.601;2.24803e+06;0.281004;4.89486;-1.10897
285;134.07;2.26703e+06;0.283379;4.89836;-1.09899
286;134.539;2.28896e+06;0.286119;4.90185;-1.08756
287;135.008;2.31088e+06;0.28886;4.90533;-1.07621
288;135.476;2.33281e+06;0.291601;4.9088;-1.06494
289;135.945;2.35473e+06;0.294341;4.91225;-1.05376
290;136.414;2.37666e+06;0.297082;4.91569;-1.04266
291;136.883;2.39838e+06;0.299797;4.91912;-1.03174
292;137.351;2.41787e+06;0.302234;4.92254;-1.02201
293;137.82;2.43736e+06;0.30467;4.92595;-1.01234
294;138.289;2.45686e+06;0.307107;4.92935;-1.00272
295;138.758;2.4762e+06;0.309525;4.93273;-0.993238
296;139.227;2.49552e+06;0.311939;4.9361;-0.983824
297;139.695;2.51483e+06;0.314354;4.93946;-0.974466
298;140.164;2.53415e+06;0.316768;4.94281;-0.965163
299;140.633;2.55346e+06;0.319183;4.94615;-0.955912
300;141.102;2.57278e+06;0.321597;4.94948;-0.946714
301;141.57;2.59361e+06;0.324201;4.9528;-0.936851
302;142.039;2.61721e+06;0.327151;4.9561;-0.925748
303;142.508;2.64081e+06;0.330102;4.9594;-0.914719
304;142.977;2.66248e+06;0.33281;4.96268;-0.904657
305;143.446;2.66856e+06;0.33357;4.96596;-0.901845
306;143.914;2.67464e+06;0.33433;4.96922;-0.899037
307;144.383;2.68072e+06;0.33509;4.97247;-0.896234
308;144.852;2.70577e+06;0.338222;4.97571;-0.884732
309;145.321;2.73374e+06;0.341718;4.97894;-0.871983
310;145.789;2.76171e+06;0.345214;4.98216;-0.859328
311;146.258;2.78927e+06;0.348658;4.98537;-0.84695
312;146.727;2.81657e+06;0.352071;4.98857;-0.83477
313;147.196;2.84387e+06;0.355484;4.99176;-0.822674
314;147.665;2.86586e+06;0.358233;4.99494;-0.812991
315;148.133;2.87918e+06;0.359898;4.99811;-0.807151
316;148.602;2.8925e+06;0.361563;5.00127;-0.80133
317;149.071;2.90645e+06;0.363307;5.00442;-0.795253
318;149.54;2.92442e+06;0.365553;5.00756;-0.787454
319;150.008;2.94239e+06;0.367799;5.01069;-0.779689
320;150.477;2.96037e+06;0.370046;5.01381;-0.771957
321;150.946;2.99056e+06;0.37382;5.01692;-0.759035
322;151.415;3.02223e+06;0.377778;5.02002;-0.745581
323;151.884;3.05389e+06;0.381736;5.02311;-0.73222
324;152.352;3.0761e+06;0.384513;5.0262;-0.722903
325;152.821;3.09321e+06;0.386652;5.02927;-0.715757
326;153.29;3.11032e+06;0.38879;5.03233;-0.708637
327;153.759;3.13036e+06;0.391295;5.03538;-0.700331
328;154.227;3.15467e+06;0.394334;5.03843;-0.690297
329;154.696;3.17899e+06;0.397374;5.04146;-0.680313
330;155.165;3.20331e+06;0.400414;5.04449;-0.670377
331;155.634;3.22763e+06;0.403454;5.04751;-0.66049
332;156.103;3.25195e+06;0.406493;5.05051;-0.650649
333;156.571;3.27627e+06;0.409533;5.05351;-0.640855
334;157.04;3.2971e+06;0.412138;5.0565;-0.632498
335;157.509;3.31763e+06;0.414704;5.05948;-0.624297
336;157.978;3.33817e+06;0.417271;5.06245;-0.616126
337;158.446;3.35043e+06;0.418803;5.06542;-0.611261
338;158.915;3.35871e+06;0.419839;5.06837;-0.60798
339;159.384;3.367e+06;0.420875;5.07132;-0.604704
340;159.853;3.38735e+06;0.423419;5.07425;-0.596675
341;160.322;3.42359e+06;0.427949;5.07718;-0.582452
342;160.79;3.45983e+06;0.432479;5.0801;-0.568319
343;161.259;3.49366e+06;0.436708;5.08301;-0.5552
344;161.728;3.51714e+06;0.439643;5.08592;-0.546141
345;162.197;3.54062e+06;0.442577;5.08881;-0.537116
346;162.665;3.56409e+06;0.445512;5.0917;-0.528125
347;163.134;3.58361e+06;0.447952;5.09457;-0.520675
348;163.603;3.6029e+06;0.450363;5.09744;-0.513334
349;164.072;3.62219e+06;0.452774;5.1003;-0.506016
350;164.541;3.64148e+06;0.455185;5.10316;-0.498718
351;165.009;3.66077e+06;0.457596;5.106;-0.491441
352;165.478;3.68006e+06;0.460007;5.10884;-0.484185
353;165.947;3.70289e+06;0.462862;5.11167;-0.475619
354;166.416;3.72994e+06;0.466242;5.11449;-0.465512
355;166.884;3.75698e+06;0.469623;5.1173;-0.455443
356;167.353;3.78085e+06;0.472606;5.12011;-0.446588
357;167.822;3.79306e+06;0.474132;5.1229;-0.442068
358;168.291;3.80527e+06;0.475658;5.12569;-0.437556
359;168.76;3.81748e+06;0.477185;5.12847;-0.433052
360;169.228;3.83931e+06;0.479914;5.13125;-0.425013
361;169.697;3.86144e+06;0.48268;5.13401;-0.41689
362;170.166;3.88356e+06;0.485446;5.13677;-0.40879
363;170.635;3.91286e+06;0.489107;5.13952;-0.398099
364;171.103;3.94484e+06;0.493104;5.14227;-0.386471
365;171.572;3.97682e+06;0.497102;5.145;-0.374886
366;172.041;4.00178e+06;0.500223;5.14773;-0.36587
367;172.51;4.01927e+06;0.502409;5.15045;-0.359569
368;172.979;4.03676e+06;0.504595;5.15317;-0.353281
369;173.447;4.05341e+06;0.506677;5.15587;-0.347304
370;173.916;4.06743e+06;0.508429;5.15857;-0.342281
371;174.385;4.08145e+06;0.510181;5.16126;-0.337266
372;174.854;4.09546e+06;0.511933;5.16395;-0.332258
373;175.322;4.131e+06;0.516374;5.16663;-0.319593
374;175.791;4.1666e+06;0.520825;5.1693;-0.306948
375;176.26;4.2022e+06;0.525275;5.17196;-0.294345
376;176.729;4.22593e+06;0.528242;5.17462;-0.285965
377;177.197;4.24578e+06;0.530723;5.17726;-0.278972
378;177.666;4.26563e+06;0.533203;5.17991;-0.27199
379;178.135;4.2869e+06;0.535862;5.18254;-0.264521
380;178.604;4.30954e+06;0.538692;5.18517;-0.256584
381;179.073;4.33218e+06;0.541522;5.18779;-0.248662
382;179.541;4.35482e+06;0.544352;5.19041;-0.240754
383;180.01;4.37746e+06;0.547182;5.19301;-0.232859
384;180.479;4.4001e+06;0.550012;5.19561;-0.224977
385;180.948;4.42273e+06;0.552842;5.19821;-0.217108
386;181.416;4.44524e+06;0.555655;5.2008;-0.209297
387;181.885;4.46775e+06;0.558468;5.20338;-0.201498
388;182.354;4.49025e+06;0.561282;5.20595;-0.193709
389;182.823;4.50238e+06;0.562797;5.20852;-0.189518
390;183.292;4.51156e+06;0.563945;5.21108;-0.186347
391;183.76;4.52074e+06;0.565092;5.21363;-0.183177
392;184.229;4.54133e+06;0.567666;5.21618;-0.176072
393;184.698;4.57181e+06;0.571477;5.21872;-0.165571
394;185.167;4.6023e+06;0.575287;5.22126;-0.155086
395;185.635;4.63155e+06;0.578944;5.22378;-0.145038
396;186.104;4.65784e+06;0.58223;5.22631;-0.136022
397;186.573;4.68412e+06;0.585515;5.22882;-0.127017
398;187.042;4.70968e+06;0.58871;5.23133;-0.118269
399;187.511;4.72115e+06;0.590144;5.23384;-0.114346
400;187.979;4.73262e+06;0.591578;5.23633;-0.110425
401;188.448;4.74409e+06;0.593011;5.23882;-0.106505
402;188.917;4.76486e+06;0.595607;5.24131;-0.0994129
403;189.386;4.78787e+06;0.598484;5.24379;-0.0915578
404;189.854;4.81089e+06;0.601361;5.24626;-0.0837082
405;190.323;4.83795e+06;0.604744;5.24872;-0.0744843
406;190.792;4.86818e+06;0.608522;5.25118;-0.064191
407;191.261;4.8984e+06;0.6123;5.25364;-0.0539043
408;191.73;4.92355e+06;0.615444;5.25609;-0.0453459
409;192.198;4.93786e+06;0.617232;5.25853;-0.0404816
410;192.667;4.95216e+06;0.61902;5.26096;-0.0356181
411;193.136;4.9672e+06;0.6209;5.26339;-0.0305042
412;193.605;4.99141e+06;0.623926;5.26582;-0.022277
413;194.073;5.01561e+06;0.626952;5.26824;-0.0140514
414;194.542;5.03982e+06;0.629977;5.27065;-0.00582665
415;195.011;5.06402e+06;0.633003;5.27306;0.00239767
416;195.48;5.08823e+06;0.636028;5.27546;0.0106221
417;195.949;5.11243e+06;0.639054;5.27785;0.0188474
418;196.417;5.133e+06;0.641625;5.28024;0.0258397
419;196.886;5.15103e+06;0.643879;5.28263;0.0319672
420;197.355;5.16905e+06;0.646132;5.285;0.0380959
421;197.824;5.18434e+06;0.648043;5.28738;0.0432957
422;198.292;5.19442e+06;0.649303;5.28974;0.0467231
423;198.761;5.2045e+06;0.650562;5.2921;0.0501512
424;199.23;5.21672e+06;0.65209;5.29446;0.0543108
425;199.699;5.24815e+06;0.656018;5.29681;0.065007
426;200.168;5.27957e+06;0.659946;5.29915;0.0757108
427;200.636;5.31099e+06;0.663874;5.30149;0.0864236
428;201.105;5.33329e+06;0.666661;5.30383;0.0940321
429;201.574;5.35406e+06;0.669258;5.30616;0.101127
430;202.043;5.37484e+06;0.671855;5.30848;0.108227
431;202.511;5.39403e+06;0.674254;5.3108;0.11479
432;202.98;5.41223e+06;0.676529;5.31311;0.121018
433;203.449;5.43042e+06;0.678803;5.31542;0.12725
434;203.918;5.44862e+06;0.681077;5.31772;0.133487
435;204.387;5.46681e+06;0.683352;5.32001;0.13973
436;204.855;5.48501e+06;0.685626;5.3223;0.145979
437;205.324;5.50389e+06;0.687987;5.32459;0.152471
438;205.793;5.52754e+06;0.690942;5.32687;0.160611
439;206.262;5.55119e+06;0.693898;5.32915;0.168762
440;206.73;5.57483e+06;0.696854;5.33142;0.176925
441;207.199;5.58696e+06;0.69837;5.33368;0.181116
442;207.668;5.59756e+06;0.699695;5.33594;0.184782
443;208.137;5.60816e+06;0.70102;5.3382;0.188451
444;208.606;5.62541e+06;0.703176;5.34044;0.194428
445;209.074;5.64641e+06;0.705801;5.34269;0.201714
446;209.543;5.66741e+06;0.708426;5.34493;0.209012
447;210.012;5.69035e+06;0.711294;5.34716;0.217002
448;210.481;5.71627e+06;0.714534;5.34939;0.226045
449;210.949;5.74219e+06;0.717774;5.35162;0.235109
450;211.418;5.76627e+06;0.720783;5.35384;0.243548
451;211.887;5.7801e+06;0.722513;5.35605;0.248406
452;212.356;5.79394e+06;0.724242;5.35826;0.253271
453;212.824;5.80777e+06;0.725972;5.36047;0.258143
454;213.293;5.82161e+06;0.727701;5.36267;0.263022
455;213.762;5.83545e+06;0.729431;5.36486;0.267908
456;214.231;5.84928e+06;0.73116;5.36705;0.272802
457;214.7;5.87173e+06;0.733967;5.36924;0.280758
458;215.168;5.89851e+06;0.737314;5.37142;0.290276
459;215.637;5.92529e+06;0.740662;5.3736;0.299824
460;216.106;5.94615e+06;0.743268;5.37577;0.307281
461;216.575;5.95888e+06;0.74486;5.37794;0.311846
462;217.043;5.97162e+06;0.746453;5.3801;0.316419
463;217.512;5.98436e+06;0.748045;5.38226;0.320999
464;217.981;5.9971e+06;0.749637;5.38441;0.325587
465;218.45;6.00983e+06;0.751229;5.38656;0.330184
466;218.919;6.02257e+06;0.752821;5.3887;0.334788
467;219.387;6.04736e+06;0.75592;5.39084;0.343774
468;219.856;6.07299e+06;0.759123;5.39297;0.353098
469;220.325;6.09861e+06;0.762327;5.3951;0.362459
470;220.794;6.11888e+06;0.76486;5.39723;0.36989
471;221.262;6.13677e+06;0.767096;5.39935;0.376467
472;221.731;6.15465e+06;0.769331;5.40147;0.383064
473;222.2;6.17127e+06;0.771408;5.40358;0.389212
474;222.669;6.18633e+06;0.773291;5.40569;0.3948
475;223.138;6.20139e+06;0.775173;5.40779;0.400403
476;223.606;6.21645e+06;0.777056;5.40989;0.406021
477;224.075;6.23151e+06;0.778938;5.41198;0.411655
478;224.544;6.24657e+06;0.780821;5.41407;0.417306
479;225.013;6.26163e+06;0.782704;5.41616;0.422973
480;225.481;6.28084e+06;0.785105;5.41824;0.430225
481;225.95;6.30021e+06;0.787527;5.42031;0.43757
482;226.419;6.31959e+06;0.789949;5.42239;0.444945
483;226.888;6.33451e+06;0.791814;5.42446;0.450645
484;227.357;6.34768e+06;0.79346;5.42652;0.45569
485;227.825;6.36085e+06;0.795106;5.42858;0.46075
486;228.294;6.37402e+06;0.796752;5.43063;0.465825
487;228.763;6.38718e+06;0.798398;5.43269;0.470915
488;229.232;6.40035e+06;0.800044;5.43473;0.476021
489;229.7;6.41403e+06;0.801754;5.43678;0.481344
490;230.169;6.42944e+06;0.80368;5.43881;0.487358
491;230.638;6.44484e+06;0.805606;5.44085;0.493394
492;231.107;6.46025e+06;0.807531;5.44288;0.499454
493;231.576;6.47566e+06;0.809457;5.44491;0.505538
494;232.044;6.49106e+06;0.811383;5.44693;0.511646
495;232.513;6.50647e+06;0.813308;5.44895;0.51778
496;232.982;6.5229e+06;0.815363;5.45096;0.524352
497;233.451;6.5397e+06;0.817462;5.45297;0.531098
498;233.919;6.55649e+06;0.819561;5.45498;0.537875
499;234.388;6.57328e+06;0.821661;5.45698;0.544686
500;234.857;6.59008e+06;0.82376;5.45898;0.55153
501;235.326;6.60687e+06;0.825859;5.46097;0.558409
502;235.795;6.62237e+06;0.827796;5.46296;0.564788
503;236.263;6.63411e+06;0.829264;5.46495;0.569642
504;236.732;6.64585e+06;0.830731;5.46693;0.574515
505;237.201;6.65763e+06;0.832203;5.46891;0.579419
506;237.67;6.67189e+06;0.833986;5.47088;0.585385
507;238.138;6.68615e+06;0.835768;5.47285;0.591379
508;238.607;6.70041e+06;0.837551;5.47482;0.597402
509;239.076;6.71467e+06;0.839333;5.47678;0.603455
510;239.545;6.72893e+06;0.841116;5.47874;0.609538
511;240.014;6.74319e+06;0.842899;5.4807;0.615653
512;240.482;6.75537e+06;0.844421;5.48265;0.620901
513;240.951;6.76568e+06;0.84571;5.48459;0.625361
514;241.42;6.77599e+06;0.846998;5.48654;0.629838
515;241.889;6.78629e+06;0.848287;5.48848;0.634332
516;242.357;6.7966e+06;0.849575;5.49041;0.638845
517;242.826;6.80691e+06;0.850864;5.49235;0.643376
518;243.295;6.81741e+06;0.852176;5.49427;0.648011
519;243.764;6.8327e+06;0.854088;5.4962;0.654797
520;244.233;6.848e+06;0.856;5.49812;0.661626
521;244.701;6.86329e+06;0.857911;5.50004;0.668498
522;245.17;6.87859e+06;0.859823;5.50195;0.675416
523;245.639;6.89388e+06;0.861735;5.50386;0.682381
524;246.108;6.90917e+06;0.863647;5.50577;0.689393
525;246.576;6.92155e+06;0.865194;5.50767;0.695104
526;247.045;6.93156e+06;0.866445;5.50957;0.699748
527;247.514;6.94157e+06;0.867697;5.51147;0.704413
528;247.983;6.95159e+06;0.868948;5.51336;0.709101
529;248.452;6.9616e+06;0.8702;5.51525;0.713811
530;248.92;6.97161e+06;0.871451;5.51713;0.718545
531;249.389;6.9817e+06;0.872713;5.51901;0.723342
532;249.858;6.99301e+06;0.874126;5.52089;0.728742
533;250.327;7.00431e+06;0.875539;5.52277;0.734174
534;250.795;7.01561e+06;0.876951;5.52464;0.739638
535;251.264;7.02691e+06;0.878364;5.5265;0.745134
536;251.733;7.03822e+06;0.879777;5.52837;0.750664
537;252.202;7.04952e+06;0.88119;5.53023;0.756229
538;252.67;7.06119e+06;0.882648;5.53209;0.762011
539;253.139;7.07313e+06;0.884141;5.53394;0.767966
540;253.608;7.08506e+06;0.885633;5.53579;0.773962
541;254.077;7.097e+06;0.887125;5.53764;0.780001
542;254.546;7.10894e+06;0.888617;5.53948;0.786082
543;255.014;7.12087e+06;0.890109;5.54132;0.792209
544;255.483;7.1326e+06;0.891575;5.54316;0.798271
545;255.952;7.14221e+06;0.892777;5.54499;0.803275
546;256.421;7.15183e+06;0.893978;5.54682;0.80831
547;256.889;7.16144e+06;0.89518;5.54865;0.813377
548;257.358;7.17106e+06;0.896382;5.55047;0.818476
549;257.827;7.18067e+06;0.897584;5.55229;0.823609
550;258.296;7.19028e+06;0.898785;5.55411;0.828775
551;258.765;7.1999e+06;0.899987;5.55592;0.833976
552;259.233;7.20951e+06;0.901189;5.55773;0.839213
553;259.702;7.21912e+06;0.90239;5.55954;0.844485
554;260.171;7.2284e+06;0.90355;5.56134;0.84961
555;260.64;7.23709e+06;0.904636;5.56314;0.854438
556;261.108;7.24577e+06;0.905721;5.56494;0.859298
557;261.577;7.25446e+06;0.906807;5.56673;0.86419
558;262.046;7.26314e+06;0.907893;5.56852;0.869115
559;262.515;7.27182e+06;0.908978;5.57031;0.874074
560;262.984;7.28051e+06;0.910064;5.57209;0.879068
561;263.452;7.28919e+06;0.911149;5.57387;0.884097
562;263.921;7.29788e+06;0.912235;5.57565;0.889162
563;264.39;7.30656e+06;0.91332;5.57742;0.894264
564;264.859;7.31477e+06;0.914346;5.5792;0.89912
565;265.327;7.32269e+06;0.915336;5.58096;0.903841
566;265.796;7.33061e+06;0.916327;5.58273;0.908596
567;266.265;7.33854e+06;0.917317;5.58449;0.913384
568;266.734;7.34646e+06;0.918308;5.58625;0.918207
569;267.203;7.35439e+06;0.919298;5.58801;0.923065
570;267.671;7.36231e+06;0.920289;5.58976;0.92796
571;268.14;7.37023e+06;0.921279;5.59151;0.932891
572;268.609;7.37816e+06;0.922269;5.59326;0.937859
573;269.078;7.38608e+06;0.92326;5.595;0.942867
574;269.546;7.39339e+06;0.924174;5.59674;0.947523
575;270.015;7.40063e+06;0.925079;5.59848;0.95217
576;270.484;7.40788e+06;0.925985;5.60021;0.956851
577;270.953;7.41512e+06;0.92689;5.60194;0.961567
578;271.422;7.42236e+06;0.927796;5.60367;0.96632
579;271.89;7.42961e+06;0.928701;5.6054;0.97111
580;272.359;7.43685e+06;0.929606;5.60712;0.975938
581;272.828;7.4441e+06;0.930512;5.60884;0.980804
582;273.297;7.45134e+06;0.931417;5.61056;0.985711
583;273.765;7.45849e+06;0.932311;5.61227;0.990591
584;274.234;7.46516e+06;0.933145;5.61398;0.995184
585;274.703;7.47183e+06;0.933978;5.61569;0.999813
586;275.172;7.4785e+06;0.934812;5.6174;1.00448
587;275.641;7.48517e+06;0.935646;5.6191;1.00918
588;276.109;7.49184e+06;0.93648;5.6208;1.01393
589;276.578;7.49851e+06;0.937314;5.62249;1.01871
590;277.047;7.50518e+06;0.938148;5.62419;1.02353
591;277.516;7.51186e+06;0.938982;5.62588;1.0284
592;277.984;7.51853e+06;0.939816;5.62757;1.03331
593;278.453;7.52503e+06;0.940628;5.62925;1.03813
594;278.922;7.5313e+06;0.941413;5.63093;1.04283
595;279.391;7.53758e+06;0.942198;5.63261;1.04757
596;279.86;7.54386e+06;0.942983;5.63429;1.05236
597;280.328;7.55014e+06;0.943767;5.63596;1.05719
598;280.797;7.55642e+06;0.944552;5.63763;1.06206
599;281.266;7.5627e+06;0.945337;5.6393;1.06697
600;281.735;7.56897e+06;0.946122;5.64097;1.07194
601;282.203;7.57525e+06;0.946907;5.64263;1.07695
602;282.672;7.58153e+06;0.947691;5.64429;1.08201
603;283.141;7.58781e+06;0.948476;5.64594;1.08712
604;283.61;7.59409e+06;0.949261;5.6476;1.09228
605;284.079;7.60037e+06;0.950046;5.64925;1.09749
606;284.547;7.606e+06;0.95075;5.6509;1.10222
607;285.016;7.61089e+06;0.951361;5.65255;1.10636
608;285.485;7.61578e+06;0.951972;5.65419;1.11053
609;285.954;7.62067e+06;0.952584;5.65583;1.11474
610;286.422;7.62556e+06;0.953195;5.65747;1.11899
611;286.891;7.63045e+06;0.953806;5.6591;1.12327
612;287.36;7.63534e+06;0.954417;5.66074;1.1276
613;287.829;7.64023e+06;0.955028;5.66237;1.13196
614;288.298;7.64512e+06;0.95564;5.66399;1.13636
615;288.766;7.65001e+06;0.956251;5.66562;1.1408
616;289.235;7.6549e+06;0.956862;5.66724;1.14529
617;289.704;7.65979e+06;0.957473;5.66886;1.14982
618;290.173;7.66467e+06;0.958084;5.67048;1.15439
619;290.641;7.66956e+06;0.958696;5.67209;1.15901
620;291.11;7.67445e+06;0.959307;5.6737;1.16368
621;291.579;7.67934e+06;0.959918;5.67531;1.1684
622;292.048;7.68404e+06;0.960505;5.67692;1.17297
623;292.516;7.68814e+06;0.961017;5.67852;1.177
624;292.985;7.69224e+06;0.96153;5.68012;1.18108
625;293.454;7.69634e+06;0.962043;5.68172;1.18518
626;293.923;7.70044e+06;0.962555;5.68332;1.18933
627;294.392;7.70454e+06;0.963068;5.68491;1.19352
628;294.86;7.70864e+06;0.96358;5.6865;1.19775
629;295.329;7.71274e+06;0.964093;5.68809;1.20202
630;295.798;7.71684e+06;0.964605;5.68968;1.20633
631;296.267;7.72094e+06;0.965118;5.69126;1.21068
632;296.735;7.72504e+06;0.96563;5.69284;1.21509
633;297.204;7.72914e+06;0.966143;5.69442;1.21953
634;297.673;7.73324e+06;0.966656;5.696;1.22403
635;298.142;7.73734e+06;0.967168;5.69757;1.22857
636;298.611;7.74145e+06;0.967681;5.69914;1.23317
637;299.079;7.74555e+06;0.968193;5.70071;1.23782
638;299.548;7.74965e+06;0.968706;5.70228;1.24252
639;300.017;7.75375e+06;0.969218;5.70384;1.24727
640;300.486;7.75785e+06;0.969731;5.7054;1.25208
641;300.954;7.76195e+06;0.970243;5.70696;1.25696
642;301.423;7.76519e+06;0.970648;5.70852;1.26085
643;301.892;7.76819e+06;0.971024;5.71007;1.26449
644;302.361;7.7712e+06;0.9714;5.71162;1.26817
645;302.83;7.7742e+06;0.971775;5.71317;1.27188
646;303.298;7.77721e+06;0.972151;5.71472;1.27563
647;303.767;7.78021e+06;0.972526;5.71626;1.27941
648;304.236;7.78321e+06;0.972902;5.7178;1.28323
649;304.705;7.78622e+06;0.973277;5.71934;1.28709
650;305.173;7.78922e+06;0.973653;5.72088;1.29099
651;305.642;7.79223e+06;0.974029;5.72242;1.29494
652;306.111;7.79523e+06;0.974404;5.72395;1.29892
653;306.58;7.79824e+06;0.97478;5.72548;1.30294
654;307.049;7.80124e+06;0.975155;5.72701;1.30701
655;307.517;7.80425e+06;0.975531;5.72853;1.31112
656;307.986;7.80725e+06;0.975907;5.73005;1.31529
657;308.455;7.81026e+06;0.976282;5.73158;1.31949
658;308.924;7.81326e+06;0.976658;5.73309;1.32375
659;309.392;7.81627e+06;0.977033;5.73461;1.32806
660;309.861;7.81927e+06;0.977409;5.73612;1.33242
661;310.33;7.82228e+06;0.977784;5.73764;1.33683
662;310.799;7.82528e+06;0.97816;5.73915;1.3413
663;311.268;7.82828e+06;0.978536;5.74065;1.34583
664;311.736;7.83129e+06;0.978911;5.74216;1.35041
665;312.205;7.83429e+06;0.979287;5.74366;1.35506
666;312.674;7.8373e+06;0.979662;5.74516;1.35977
667;313.143;7.8403e+06;0.980038;5.74666;1.36454
668;313.611;7.84241e+06;0.980301;5.74815;1.36792
669;314.08;7.84434e+06;0.980543;5.74965;1.37106
670;314.549;7.84627e+06;0.980784;5.75114;1.37422
671;315.018;7.8482e+06;0.981025;5.75263;1.37742
672;315.487;7.85013e+06;0.981267;5.75412;1.38064
673;315.955;7.85207e+06;0.981508;5.7556;1.3839
674;316.424;7.854e+06;0.98175;5.75708;1.38719
675;316.893;7.85593e+06;0.981991;5.75856;1.39051
676;317.362;7.85786e+06;0.982233;5.76004;1.39386
677;317.83;7.85979e+06;0.982474;5.76152;1.39725
678;318.299;7.86172e+06;0.982715;5.76299;1.40068
679;318.768;7.86365e+06;0.982957;5.76446;1.40414
680;319.237;7.86559e+06;0.983198;5.76593;1.40763
681;319.706;7.86752e+06;0.98344;5.7674;1.41117
682;320.174;7.86945e+06;0.983681;5.76887;1.41474
683;320.643;7.87138e+06;0.983923;5.77033;1.41836
684;321.112;7.87331e+06;0.984164;5.77179;1.42202
685;321.581;7.87524e+06;0.984405;5.77325;1.42571
686;322.049;7.87717e+06;0.984647;5.7747;1.42946
687;322.518;7.87911e+06;0.984888;5.77616;1.43325
688;322.987;7.88104e+06;0.98513;5.77761;1.43708
689;323.456;7.88297e+06;0.985371;5.77906;1.44096
690;323.925;7.8849e+06;0.985613;5.78051;1.44489
691;324.393;7.88683e+06;0.985854;5.78196;1.44888
692;324.862;7.88876e+06;0.986095;5.7834;1.45291
693;325.331;7.89069e+06;0.986337;5.78484;1.457
694;325.8;7.89263e+06;0.986578;5.78628;1.46114
695;326.268;7.89456e+06;0.98682;5.78772;1.46534
696;326.737;7.89649e+06;0.987061;5.78916;1.46961
697;327.206;7.89842e+06;0.987303;5.79059;1.47393
698;327.675;7.90035e+06;0.987544;5.79202;1.47832
699;328.144;7.90228e+06;0.987785;5.79345;1.48277
700;328.612;7.90421e+06;0.988027;5.79488;1.48729
701;329.081;7.90615e+06;0.988268;5.7963;1.49188
702;329.55;7.90808e+06;0.98851;5.79773;1.49655
703;330.019;7.91001e+06;0.988751;5.79915;1.50129
704;330.487;7.91194e+06;0.988993;5.80057;1.50612
705;330.956;7.91387e+06;0.989234;5.80199;1.51102
706;331.425;7.9158e+06;0.989475;5.8034;1.51602
707;331.894;7.91773e+06;0.989717;5.80481;1.5211
708;332.362;7.91967e+06;0.989958;5.80623;1.52628
709;332.831;7.9216e+06;0.9902;5.80764;1.53155
710;333.3;7.92241e+06;0.990302;5.80904;1.53381
711;333.769;7.92269e+06;0.990336;5.81045;1.53457
712;334.238;7.92296e+06;0.99037;5.81185;1.53533
713;334.706;7.92323e+06;0.990404;5.81325;1.53609
714;335.175;7.9235e+06;0.990438;5.81465;1.53686
715;335.644;7.92378e+06;0.990472;5.81605;1.53763
716;336.113;7.92405e+06;0.990506;5.81745;1.53839
717;336.581;7.92432e+06;0.99054;5.81884;1.53917
718;337.05;7.92459e+06;0.990574;5.82023;1.53994
719;337.519;7.92487e+06;0.990608;5.82162;1.54072
720;337.988;7.92514e+06;0.990642;5.82301;1.54149
721;338.457;7.92541e+06;0.990676;5.8244;1.54227
722;338.925;7.92568e+06;0.99071;5.82578;1.54306
723;339.394;7.92596e+06;0.990745;5.82716;1.54384
724;339.863;7.92623e+06;0.990779;5.82854;1.54463
725;340.332;7.9265e+06;0.990813;5.82992;1.54542
726;340.8;7.92677e+06;0.990847;5.8313;1.54621
727;341.269;7.92705e+06;0.990881;5.83267;1.547
728;341.738;7.92732e+06;0.990915;5.83404;1.5478
729;342.207;7.92759e+06;0.990949;5.83542;1.5486
730;342.676;7.92786e+06;0.990983;5.83678;1.5494
731;343.144;7.92814e+06;0.991017;5.83815;1.5502
732;343.613;7.92841e+06;0.991051;5.83952;1.55101
733;344.082;7.92868e+06;0.991085;5.84088;1.55182
734;344.551;7.92895e+06;0.991119;5.84224;1.55263
735;345.019;7.92923e+06;0.991153;5.8436;1.55344
736;345.488;7.9295e+06;0.991187;5.84496;1.55425
737;345.957;7.92977e+06;0.991221;5.84631;1.55507
738;346.426;7.93004e+06;0.991255;5.84767;1.55589
739;346.895;7.93032e+06;0.991289;5.84902;1.55672
740;347.363;7.93059e+06;0.991324;5.85037;1.55754
741;347.832;7.93086e+06;0.991358;5.85172;1.55837
742;348.301;7.93113e+06;0.991392;5.85307;1.5592
743;348.77;7.93141e+06;0.991426;5.85441;1.56003
744;349.238;7.93168e+06;0.99146;5.85575;1.56087
745;349.707;7.93195e+06;0.991494;5.8571;1.56171
746;350.176;7.93222e+06;0.991528;5.85844;1.56255
747;350.645;7.9325e+06;0.991562;5.85977;1.56339
748;351.114;7.93277e+06;0.991596;5.86111;1.56424
749;351.582;7.93304e+06;0.99163;5.86244;1.56509
750;352.051;7.93331e+06;0.991664;5.86378;1.56594
751;352.52;7.93359e+06;0.991698;5.86511;1.5668
752;352.989;7.93386e+06;0.991732;5.86644;1.56765
753;353.457;7.93413e+06;0.991766;5.86776;1.56851
754;353.926;7.9344e+06;0.9918;5.86909;1.56938
755;354.395;7.93467e+06;0.991834;5.87041;1.57024
756;354.864;7.93495e+06;0.991868;5.87173;1.57111
757;355.333;7.93522e+06;0.991902;5.87305;1.57198
758;355.801;7.93549e+06;0.991937;5.87437;1.57286
759;356.27;7.93576e+06;0.991971;5.87569;1.57374
760;356.739;7.93604e+06;0.992005;5.877;1.57462
761;357.208;7.93631e+06;0.992039;5.87832;1.5755
762;357.676;7.93658e+06;0.992073;5.87963;1.57639
763;358.145;7.93685e+06;0.992107;5.88094;1.57728
764;358.614;7.93713e+06;0.992141;5.88225;1.57817
765;359.083;7.9374e+06;0.992175;5.88355;1.57907
766;359.552;7.93767e+06;0.992209;5.88486;1.57997
767;360.02;7.93794e+06;0.992243;5.88616;1.58087
768;360.489;7.93822e+06;0.992277;5.88746;1.58177
769;360.958;7.93849e+06;0.992311;5.88876;1.58268
770;361.427;7.93876e+06;0.992345;5.89006;1.58359
771;361.895;7.93903e+06;0.992379;5.89136;1.58451
772;362.364;7.93931e+06;0.992413;5.89265;1.58543
773;362.833;7.93958e+06;0.992447;5.89394;1.58635
774;363.302;7.93985e+06;0.992481;5.89523;1.58727
775;363.771;7.94012e+06;0.992516;5.89652;1.5882
776;364.239;7.9404e+06;0.99255;5.89781;1.58913
777;364.708;7.94067e+06;0.992584;5.8991;1.59007
778;365.177;7.94094e+06;0.992618;5.90038;1.591
779;365.646;7.94121e+06;0.992652;5.90166;1.59194
780;366.114;7.94149e+06;0.992686;5.90295;1.59289
781;366.583;7.94176e+06;0.99272;5.90423;1.59384
782;367.052;7.94203e+06;0.992754;5.9055;1.59479
783;367.521;7.9423e+06;0.992788;5.90678;1.59575
784;367.989;7.94258e+06;0.992822;5.90805;1.59671
785;368.458;7.94285e+06;0.992856;5.90933;1.59767
786;368.927;7.94312e+06;0.99289;5.9106;1.59864
787;369.396;7.94339e+06;0.992924;5.91187;1.59961
788;369.865;7.94367e+06;0.992958;5.91314;1.60058
789;370.333;7.94394e+06;0.992992;5.9144;1.60156
790;370.802;7.94421e+06;0.993026;5.91567;1.60254
791;371.271;7.94448e+06;0.99306;5.91693;1.60352
792;371.74;7.94476e+06;0.993095;5.91819;1.60451
793;372.208;7.94503e+06;0.993129;5.91945;1.60551
794;372.677;7.9453e+06;0.993163;5.92071;1.6065
795;373.146;7.94557e+06;0.993197;5.92197;1.60751
796;373.615;7.94585e+06;0.993231;5.92323;1.60851
797;374.084;7.94612e+06;0.993265;5.92448;1.60952
798;374.552;7.94639e+06;0.993299;5.92573;1.61053
799;375.021;7.94666e+06;0.993333;5.92698;1.61155
800;375.49;7.94694e+06;0.993367;5.92823;1.61257
801;375.959;7.94721e+06;0.993401;5.92948;1.6136
802;376.427;7.94748e+06;0.993435;5.93073;1.61463
803;376.896;7.94775e+06;0.993469;5.93197;1.61566
804;377.365;7.94803e+06;0.993503;5.93321;1.6167
805;377.834;7.9483e+06;0.993537;5.93445;1.61774
806;378.303;7.94857e+06;0.993571;5.93569;1.61879
807;378.771;7.94884e+06;0.993605;5.93693;1.61984
808;379.24;7.94912e+06;0.993639;5.93817;1.6209
809;379.709;7.94939e+06;0.993674;5.9394;1.62196
810;380.178;7.94966e+06;0.993708;5.94064;1.62303
811;380.646;7.94993e+06;0.993742;5.94187;1.6241
812;381.115;7.95021e+06;0.993776;5.9431;1.62517
813;381.584;7.95048e+06;0.99381;5.94433;1.62625
814;382.053;7.95075e+06;0.993844;5.94556;1.62734
815;382.522;7.95102e+06;0.993878;5.94679;1.62843
816;382.99;7.9513e+06;0.993912;5.94801;1.62952
817;383.459;7.95157e+06;0.993946;5.94923;1.63062
818;383.928;7.95184e+06;0.99398;5.95045;1.63172
819;384.397;7.95211e+06;0.994014;5.95168;1.63283
820;384.865;7.95239e+06;0.994048;5.95289;1.63395
821;385.334;7.95266e+06;0.994082;5.95411;1.63506
822;385.803;7.95293e+06;0.994116;5.95533;1.63619
823;386.272;7.9532e+06;0.99415;5.95654;1.63732
824;386.741;7.95348e+06;0.994184;5.95775;1.63845
825;387.209;7.95375e+06;0.994218;5.95897;1.63959
826;387.678;7.95402e+06;0.994252;5.96018;1.64074
827;388.147;7.95429e+06;0.994287;5.96138;1.64189
828;388.616;7.95456e+06;0.994321;5.96259;1.64305
829;389.084;7.95484e+06;0.994355;5.9638;1.64421
830;389.553;7.95511e+06;0.994389;5.965;1.64538
831;390.022;7.95538e+06;0.994423;5.9662;1.64655
832;390.491;7.95565e+06;0.994457;5.9674;1.64773
833;390.96;7.95593e+06;0.994491;5.9686;1.64892
834;391.428;7.9562e+06;0.994525;5.9698;1.65011
835;391.897;7.95647e+06;0.994559;5.971;1.65131
836;392.366;7.95674e+06;0.994593;5.97219;1.65251
837;392.835;7.95702e+06;0.994627;5.97339;1.65372
838;393.303;7.95729e+06;0.994661;5.97458;1.65494
839;393.772;7.95756e+06;0.994695;5.97577;1.65616
840;394.241;7.95783e+06;0.994729;5.97696;1.65739
841;394.71;7.95811e+06;0.994763;5.97815;1.65862
842;395.179;7.95838e+06;0.994797;5.97934;1.65986
843;395.647;7.95865e+06;0.994831;5.98052;1.66111
844;396.116;7.95892e+06;0.994866;5.98171;1.66237
845;396.585;7.9592e+06;0.9949;5.98289;1.66363
846;397.054;7.95947e+06;0.994934;5.98407;1.6649
847;397.522;7.95974e+06;0.994968;5.98525;1.66617
848;397.991;7.96001e+06;0.995002;5.98643;1.66746
849;398.46;7.96029e+06;0.995036;5.98761;1.66875
850;398.929;7.96056e+06;0.99507;5.98878;1.67004
851;399.398;7.96083e+06;0.995104;5.98996;1.67135
852;399.866;7.9611e+06;0.995138;5.99113;1.67266
853;400.335;7.96138e+06;0.995172;5.9923;1.67398
854;400.804;7.96165e+06;0.995206;5.99347;1.6753
855;401.273;7.96192e+06;0.99524;5.99464;1.67664
856;401.741;7.96219e+06;0.995274;5.99581;1.67798
857;402.21;7.96247e+06;0.995308;5.99697;1.67933
858;402.679;7.96274e+06;0.995342;5.99814;1.68069
859;403.148;7.96301e+06;0.995376;5.9993;1.68205
860;403.617;7.96328e+06;0.99541;6.00047;1.68343
861;404.085;7.96356e+06;0.995445;6.00163;1.68481
862;404.554;7.96383e+06;0.995479;6.00279;1.6862
863;405.023;7.9641e+06;0.995513;6.00394;1.6876
864;405.492;7.96437e+06;0.995547;6.0051;1.68901
865;405.96;7.96465e+06;0.995581;6.00626;1.69043
866;406.429;7.96492e+06;0.995615;6.00741;1.69185
867;406.898;7.96519e+06;0.995649;6.00856;1.69329
868;407.367;7.96546e+06;0.995683;6.00971;1.69473
869;407.835;7.96574e+06;0.995717;6.01086;1.69618
870;408.304;7.96601e+06;0.995751;6.01201;1.69765
871;408.773;7.96628e+06;0.995785;6.01316;1.69912
872;409.242;7.96655e+06;0.995819;6.01431;1.7006
873;409.711;7.96683e+06;0.995853;6.01545;1.70209
874;410.179;7.9671e+06;0.995887;6.01659;1.7036
875;410.648;7.96737e+06;0.995921;6.01774;1.70511
876;411.117;7.96764e+06;0.995955;6.01888;1.70663
877;411.586;7.96792e+06;0.995989;6.02002;1.70817
878;412.054;7.96819e+06;0.996024;6.02116;1.70971
879;412.523;7.96846e+06;0.996058;6.02229;1.71126
880;412.992;7.96873e+06;0.996092;6.02343;1.71283
881;413.461;7.96901e+06;0.996126;6.02456;1.71441
882;413.93;7.96928e+06;0.99616;6.0257;1.716
883;414.398;7.96955e+06;0.996194;6.02683;1.7176
884;414.867;7.96982e+06;0.996228;6.02796;1.71921
885;415.336;7.9701e+06;0.996262;6.02909;1.72083
886;415.805;7.97037e+06;0.996296;6.03022;1.72247
887;416.273;7.97064e+06;0.99633;6.03134;1.72412
888;416.742;7.97091e+06;0.996364;6.03247;1.72578
889;417.211;7.97119e+06;0.996398;6.03359;1.72745
890;417.68;7.97146e+06;0.996432;6.03472;1.72914
891;418.149;7.97173e+06;0.996466;6.03584;1.73084
892;418.617;7.972e+06;0.9965;6.03696;1.73255
893;419.086;7.97228e+06;0.996534;6.03808;1.73428
894;419.555;7.97255e+06;0.996568;6.03919;1.73602
895;420.024;7.97282e+06;0.996602;6.04031;1.73778
896;420.492;7.97309e+06;0.996637;6.04143;1.73955
897;420.961;7.97336e+06;0.996671;6.04254;1.74134
898;421.43;7.97364e+06;0.996705;6.04365;1.74314
899;421.899;7.97391e+06;0.996739;6.04477;1.74495
900;422.368;7.97418e+06;0.996773;6.04588;1.74679
901;422.836;7.97445e+06;0.996807;6.04699;1.74863
902;423.305;7.97473e+06;0.996841;6.04809;1.7505
903;423.774;7.975e+06;0.996875;6.0492;1.75238
904;424.243;7.97527e+06;0.996909;6.05031;1.75428
905;424.711;7.97554e+06;0.996943;6.05141;1.75619
906;425.18;7.97582e+06;0.996977;6.05251;1.75812
907;425.649;7.97609e+06;0.997011;6.05362;1.76008
908;426.118;7.97636e+06;0.997045;6.05472;1.76205
909;426.587;7.97663e+06;0.997079;6.05582;1.76403
910;427.055;7.97691e+06;0.997113;6.05691;1.76604
911;427.524;7.97718e+06;0.997147;6.05801;1.76807
912;427.993;7.97745e+06;0.997181;6.05911;1.77012
913;428.462;7.97772e+06;0.997216;6.0602;1.77219
914;428.93;7.978e+06;0.99725;6.06129;1.77428
915;429.399;7.97827e+06;0.997284;6.06239;1.77639
916;429.868;7.97854e+06;0.997318;6.06348;1.77852
917;430.337;7.97881e+06;0.997352;6.06457;1.78068
918;430.806;7.97909e+06;0.997386;6.06566;1.78285
919;431.274;7.97936e+06;0.99742;6.06674;1.78506
920;431.743;7.97963e+06;0.997454;6.06783;1.78728
921;432.212;7.9799e+06;0.997488;6.06892;1.78954
922;432.681;7.98018e+06;0.997522;6.07;1.79181
923;433.149;7.98045e+06;0.997556;6.07108;1.79412
924;433.618;7.98072e+06;0.99759;6.07216;1.79645
925;434.087;7.98099e+06;0.997624;6.07324;1.79881
926;434.556;7.98127e+06;0.997658;6.07432;1.80119
927;435.025;7.98154e+06;0.997692;6.0754;1.80361
928;435.493;7.98181e+06;0.997726;6.07648;1.80606
929;435.962;7.98208e+06;0.99776;6.07756;1.80853
930;436.431;7.98236e+06;0.997795;6.07863;1.81104
931;436.9;7.98263e+06;0.997829;6.0797;1.81358
932;437.368;7.9829e+06;0.997863;6.08078;1.81616
933;437.837;7.98317e+06;0.997897;6.08185;1.81877
934;438.306;7.98345e+06;0.997931;6.08292;1.82141
935;438.775;7.98372e+06;0.997965;6.08399;1.82409
936;439.244;7.98399e+06;0.997999;6.08505;1.82681
937;439.712;7.98426e+06;0.998033;6.08612;1.82957
938;440.181;7.98454e+06;0.998067;6.08719;1.83237
939;440.65;7.98481e+06;0.998101;6.08825;1.83521
940;441.119;7.98508e+06;0.998135;6.08931;1.83809
941;441.587;7.98535e+06;0.998169;6.09038;1.84102
942;442.056;7.98563e+06;0.998203;6.09144;1.844
943;442.525;7.9859e+06;0.998237;6.0925;1.84702
944;442.994;7.98617e+06;0.998271;6.09356;1.85009
945;443.463;7.98644e+06;0.998305;6.09461;1.85322
946;443.931;7.98672e+06;0.998339;6.09567;1.85639
947;444.4;7.98699e+06;0.998374;6.09673;1.85963
948;444.869;7.98726e+06;0.998408;6.09778;1.86292
949;445.338;7.98753e+06;0.998442;6.09883;1.86627
950;445.806;7.98781e+06;0.998476;6.09988;1.86968
951;446.275;7.98808e+06;0.99851;6.10094;1.87316
952;446.744;7.98835e+06;0.998544;6.10199;1.8767
953;447.213;7.98862e+06;0.998578;6.10303;1.88032
954;447.681;7.9889e+06;0.998612;6.10408;1.88401
955;448.15;7.98917e+06;0.998646;6.10513;1.88778
956;448.619;7.98944e+06;0.99868;6.10617;1.89163
957;449.088;7.98971e+06;0.998714;6.10722;1.89556
958;449.557;7.98999e+06;0.998748;6.10826;1.89959
959;450.025;7.99026e+06;0.998782;6.1093;1.90371
960;450.494;7.99053e+06;0.998816;6.11035;1.90792
961;450.963;7.9908e+06;0.99885;6.11139;1.91225
962;451.432;7.99108e+06;0.998884;6.11242;1.91668
963;451.9;7.99135e+06;0.998918;6.11346;1.92123
964;452.369;7.99162e+06;0.998952;6.1145;1.9259
965;452.838;7.99189e+06;0.998987;6.11553;1.93071
966;453.307;7.99216e+06;0.999021;6.11657;1.93566
967;453.776;7.99244e+06;0.999055;6.1176;1.94075
968;454.244;7.99271e+06;0.999089;6.11864;1.94601
969;454.713;7.99298e+06;0.999123;6.11967;1.95143
970;455.182;7.99325e+06;0.999157;6.1207;1.95704
971;455.651;7.99353e+06;0.999191;6.12173;1.96285
972;456.119;7.9938e+06;0.999225;6.12275;1.96887
973;456.588;7.99407e+06;0.999259;6.12378;1.97513
974;457.057;7.99434e+06;0.999293;6.12481;1.98163
975;457.526;7.99462e+06;0.999327;6.12583;1.98842
976;457.995;7.99489e+06;0.999361;6.12686;1.9955
977;458.463;7.99516e+06;0.999395;6.12788;2.00292
978;458.932;7.99543e+06;0.999429;6.1289;2.01072
979;459.401;7.99571e+06;0.999463;6.12992;2.01892
980;459.87;7.99598e+06;0.999497;6.13094;2.02759
981;460.338;7.99625e+06;0.999531;6.13196;2.03679
982;460.807;7.99652e+06;0.999566;6.13298;2.04658
983;461.276;7.9968e+06;0.9996;6.134;2.05707
984;461.745;7.99707e+06;0.999634;6.13501;2.06837
985;462.214;7.99734e+06;0.999668;6.13603;2.08063
986;462.682;7.99761e+06;0.999702;6.13704;2.09404
987;463.151;7.99789e+06;0.999736;6.13805;2.10887
988;463.62;7.99816e+06;0.99977;6.13907;2.12548
989;464.089;7.99843e+06;0.999804;6.14008;2.14442
990;464.557;7.9987e+06;0.999838;6.14109;2.16653
991;465.026;7.99898e+06;0.999872;6.14209;2.19321
992;465.495;7.99925e+06;0.999906;6.1431;2.22716
993;465.964;7.99952e+06;0.99994;6.14411;2.27461
994;466.433;7.99979e+06;0.999974;6.14511;2.35769
995;466.901;8e+06;1;6.14612;
996;467.37;8e+06;1;6.14712;
997;467.839;8e+06;1;6.14812;
998;468.308;8e+06;1;6.14913;
999;468.776;8e+06;1;6.15013;
