Step;RediscrTime/s;RANDOM-phi1-PHI-phi2;0-60-55-45;1-0-30-45;SumRediscrVolume=8e+06
0;0.468776;0;7.99798e+06;2017.55;
1;0.937553;0;7.99691e+06;3088.09;
2;1.40633;0;7.99584e+06;4158.64;
3;1.87511;0;7.99477e+06;5229.18;
4;2.34388;0;7.9937e+06;6299.73;
5;2.81266;0;7.99263e+06;7370.27;
6;3.28144;0;7.99156e+06;8440.82;
7;3.75021;0;7.99049e+06;9511.36;
8;4.21899;0;7.98942e+06;10581.9;
9;4.68776;0;7.98835e+06;11652.5;
10;5.15654;0;7.98728e+06;12723;
11;5.62532;0;7.98621e+06;13793.5;
12;6.09409;0;7.98514e+06;14864.1;
13;6.56287;0;7.98407e+06;15934.6;
14;7.03165;0;7.98299e+06;17005.2;
15;7.50042;0;7.98192e+06;18075.7;
16;7.9692;0;7.98085e+06;19146.3;
17;8.43798;0;7.97978e+06;20216.8;
18;8.90675;0;7.97871e+06;21287.4;
19;9.37553;0;7.97764e+06;22357.9;
20;9.84431;0;7.97657e+06;23428.4;
21;10.3131;0;7.9755e+06;24499;
22;10.7819;0;7.97443e+06;25569.5;
23;11.2506;0;7.97336e+06;26640.1;
24;11.7194;0;7.97229e+06;27710.6;
25;12.1882;0;7.97122e+06;28781.2;
26;12.657;0;7.97015e+06;29851.7;
27;13.1257;0;7.96908e+06;30922.3;
28;13.5945;0;7.96801e+06;31992.8;
29;14.0633;0;7.96694e+06;33063.4;
30;14.5321;0;7.96587e+06;34133.9;
31;15.0008;0;7.9648e+06;35204.4;
32;15.4696;0;7.96373e+06;36275;
33;15.9384;0;7.96265e+06;37345.5;
34;16.4072;0;7.96158e+06;38416.1;
35;16.876;0;7.96051e+06;39486.6;
36;17.3447;0;7.95944e+06;40557.2;
37;17.8135;0;7.95837e+06;41627.7;
38;18.2823;0;7.9573e+06;42698.3;
39;18.7511;0;7.95623e+06;43768.8;
40;19.2198;0;7.95516e+06;44839.3;
41;19.6886;0;7.95409e+06;45909.9;
42;20.1574;0;7.95302e+06;46980.4;
43;20.6262;0;7.95195e+06;48051;
44;21.0949;0;7.95088e+06;49121.5;
45;21.5637;0;7.94981e+06;50192.1;
46;22.0325;0;7.94874e+06;51262.6;
47;22.5013;0;7.94767e+06;52333.2;
48;22.97;0;7.9466e+06;53403.7;
49;23.4388;0;7.94553e+06;54474.3;
50;23.9076;0;7.94446e+06;55544.8;
51;24.3764;0;7.94338e+06;56615.3;
52;24.8452;0;7.94231e+06;57685.9;
53;25.3139;0;7.94124e+06;58756.4;
54;25.7827;0;7.94017e+06;59827;
55;26.2515;0;7.9391e+06;60897.5;
56;26.7203;0;7.93803e+06;61968.1;
57;27.189;0;7.93696e+06;63038.6;
58;27.6578;0;7.93589e+06;64109.2;
59;28.1266;0;7.93482e+06;65179.7;
60;28.5954;0;7.93375e+06;66250.2;
61;29.0641;0;7.93268e+06;67320.8;
62;29.5329;0;7.93161e+06;68391.3;
63;30.0017;0;7.93054e+06;69461.9;
64;30.4705;0;7.92947e+06;70532.4;
65;30.9392;0;7.9284e+06;71603;
66;31.408;0;7.92733e+06;72673.5;
67;31.8768;0;7.92626e+06;73744.1;
68;32.3456;0;7.92519e+06;74814.6;
69;32.8144;0;7.92411e+06;75885.2;
70;33.2831;0;7.92304e+06;76955.7;
71;33.7519;0;7.92197e+06;78026.2;
72;34.2207;0;7.9209e+06;79096.8;
73;34.6895;0;7.91983e+06;80167.3;
74;35.1582;0;7.91876e+06;81237.9;
75;35.627;0;7.91769e+06;82308.4;
76;36.0958;0;7.91662e+06;83379;
77;36.5646;0;7.91555e+06;84449.5;
78;37.0333;0;7.91448e+06;85520.1;
79;37.5021;0;7.91341e+06;86590.6;
80;37.9709;0;7.91234e+06;87661.2;
81;38.4397;0;7.90935e+06;90647.6;
82;38.9084;0;7.90618e+06;93818.2;
83;39.3772;0;7.90301e+06;96988.8;
84;39.846;0;7.89984e+06;100159;
85;40.3148;0;7.89667e+06;103330;
86;40.7835;0;7.8935e+06;106501;
87;41.2523;0;7.89033e+06;109671;
88;41.7211;0;7.88716e+06;112842;
89;42.1899;0;7.88399e+06;116012;
90;42.6587;0;7.88082e+06;119183;
91;43.1274;0;7.87765e+06;122353;
92;43.5962;0;7.87448e+06;125524;
93;44.065;0;7.87131e+06;128695;
94;44.5338;0;7.86813e+06;131865;
95;45.0025;0;7.86496e+06;135036;
96;45.4713;0;7.86179e+06;138206;
97;45.9401;0;7.85862e+06;141377;
98;46.4089;0;7.85545e+06;144548;
99;46.8776;0;7.85228e+06;147718;
100;47.3464;0;7.84911e+06;150889;
101;47.8152;0;7.84594e+06;154059;
102;48.284;0;7.84277e+06;157230;
103;48.7527;0;7.8396e+06;160400;
104;49.2215;0;7.83643e+06;163571;
105;49.6903;0;7.83326e+06;166742;
106;50.1591;0;7.83009e+06;169912;
107;50.6279;0;7.82692e+06;173083;
108;51.0966;0;7.82375e+06;176253;
109;51.5654;0;7.82058e+06;179424;
110;52.0342;0;7.81741e+06;182594;
111;52.503;0;7.81423e+06;185765;
112;52.9717;0;7.81106e+06;188936;
113;53.4405;0;7.80668e+06;193322;
114;53.9093;0;7.80096e+06;199041;
115;54.3781;0;7.79524e+06;204759;
116;54.8468;0;7.78952e+06;210478;
117;55.3156;0;7.7838e+06;216196;
118;55.7844;0;7.77809e+06;221915;
119;56.2532;0;7.77237e+06;227633;
120;56.7219;0;7.76665e+06;233352;
121;57.1907;0;7.76093e+06;239070;
122;57.6595;0;7.75521e+06;244789;
123;58.1283;0;7.75016e+06;249837;
124;58.5971;0;7.74534e+06;254657;
125;59.0658;0;7.74052e+06;259478;
126;59.5346;0;7.7357e+06;264298;
127;60.0034;0;7.73088e+06;269119;
128;60.4722;0;7.72606e+06;273940;
129;60.9409;0;7.72124e+06;278760;
130;61.4097;0;7.71642e+06;283581;
131;61.8785;0;7.7116e+06;288401;
132;62.3473;0;7.70678e+06;293222;
133;62.816;0;7.70196e+06;298042;
134;63.2848;0;7.69714e+06;302863;
135;63.7536;0;7.69232e+06;307683;
136;64.2224;0;7.6875e+06;312504;
137;64.6911;0;7.68268e+06;317325;
138;65.1599;0;7.67785e+06;322145;
139;65.6287;0;7.67303e+06;326966;
140;66.0975;0;7.66821e+06;331786;
141;66.5663;0;7.66339e+06;336607;
142;67.035;0;7.65739e+06;342609;
143;67.5038;0;7.64843e+06;351565;
144;67.9726;0;7.63948e+06;360522;
145;68.4414;0;7.63052e+06;369478;
146;68.9101;0;7.62157e+06;378434;
147;69.3789;0;7.61261e+06;387391;
148;69.8477;0;7.60365e+06;396347;
149;70.3165;0;7.5947e+06;405303;
150;70.7852;0;7.58574e+06;414260;
151;71.254;0;7.57678e+06;423216;
152;71.7228;0;7.56783e+06;432173;
153;72.1916;0;7.55887e+06;441129;
154;72.6603;0;7.54991e+06;450085;
155;73.1291;0;7.54117e+06;458835;
156;73.5979;0;7.53287e+06;467127;
157;74.0667;0;7.52458e+06;475420;
158;74.5355;0;7.51629e+06;483712;
159;75.0042;0;7.508e+06;492005;
160;75.473;0;7.4997e+06;500298;
161;75.9418;0;7.49141e+06;508590;
162;76.4106;0;7.48312e+06;516883;
163;76.8793;0;7.47482e+06;525175;
164;77.3481;0;7.46653e+06;533468;
165;77.8169;0;7.45798e+06;542024;
166;78.2857;0;7.44923e+06;550770;
167;78.7544;0;7.44048e+06;559516;
168;79.2232;0;7.43174e+06;568263;
169;79.692;0;7.42299e+06;577009;
170;80.1608;0;7.41425e+06;585755;
171;80.6295;0;7.4055e+06;594501;
172;81.0983;0;7.39675e+06;603247;
173;81.5671;0;7.38801e+06;611994;
174;82.0359;0;7.37926e+06;620740;
175;82.5047;0;7.36693e+06;633066;
176;82.9734;0;7.35398e+06;646021;
177;83.4422;0;7.34102e+06;658976;
178;83.911;0;7.32943e+06;670574;
179;84.3798;0;7.31871e+06;681294;
180;84.8485;0;7.30799e+06;692013;
181;85.3173;0;7.29727e+06;702732;
182;85.7861;0;7.28655e+06;713452;
183;86.2549;0;7.27583e+06;724171;
184;86.7236;0;7.26511e+06;734890;
185;87.1924;0;7.25439e+06;745610;
186;87.6612;0;7.24367e+06;756329;
187;88.13;0;7.23295e+06;767048;
188;88.5987;0;7.22192e+06;778077;
189;89.0675;0;7.21085e+06;789149;
190;89.5363;0;7.19978e+06;800221;
191;90.0051;0;7.18871e+06;811294;
192;90.4739;0;7.17763e+06;822366;
193;90.9426;0;7.16656e+06;833438;
194;91.4114;0;7.15549e+06;844510;
195;91.8802;0;7.14442e+06;855582;
196;92.349;0;7.13335e+06;866654;
197;92.8177;0;7.12299e+06;877014;
198;93.2865;0;7.1168e+06;883205;
199;93.7553;0;7.1106e+06;889396;
200;94.2241;0;7.10441e+06;895587;
201;94.6928;0;7.09018e+06;909815;
202;95.1616;0;7.07509e+06;924911;
203;95.6304;0;7.05999e+06;940006;
204;96.0992;0;7.0449e+06;955102;
205;96.5679;0;7.0298e+06;970197;
206;97.0367;0;7.01471e+06;985293;
207;97.5055;0;7.00079e+06;999213;
208;97.9743;0;6.98852e+06;1.01148e+06;
209;98.4431;0;6.97626e+06;1.02374e+06;
210;98.9118;0;6.96399e+06;1.03601e+06;
211;99.3806;0;6.95172e+06;1.04828e+06;
212;99.8494;0;6.93946e+06;1.06054e+06;
213;100.318;0;6.92719e+06;1.07281e+06;
214;100.787;0;6.91493e+06;1.08507e+06;
215;101.256;0;6.90266e+06;1.09734e+06;
216;101.724;0;6.89039e+06;1.10961e+06;
217;102.193;0;6.87412e+06;1.12588e+06;
218;102.662;0;6.85599e+06;1.14401e+06;
219;103.131;0;6.83787e+06;1.16213e+06;
220;103.6;0;6.82344e+06;1.17656e+06;
221;104.068;0;6.81369e+06;1.18631e+06;
222;104.537;0;6.80393e+06;1.19607e+06;
223;105.006;0;6.79418e+06;1.20582e+06;
224;105.475;0;6.78443e+06;1.21557e+06;
225;105.943;0;6.77467e+06;1.22533e+06;
226;106.412;0;6.76492e+06;1.23508e+06;
227;106.881;0;6.74179e+06;1.25821e+06;
228;107.35;0;6.71803e+06;1.28197e+06;
229;107.819;0;6.69427e+06;1.30573e+06;
230;108.287;0;6.68115e+06;1.31885e+06;
231;108.756;0;6.67235e+06;1.32765e+06;
232;109.225;0;6.66355e+06;1.33645e+06;
233;109.694;0;6.65475e+06;1.34525e+06;
234;110.162;0;6.64595e+06;1.35405e+06;
235;110.631;0;6.63715e+06;1.36285e+06;
236;111.1;0;6.6238e+06;1.3762e+06;
237;111.569;0;6.59467e+06;1.40533e+06;
238;112.038;0;6.56554e+06;1.43446e+06;
239;112.506;0;6.5364e+06;1.4636e+06;
240;112.975;0;6.51999e+06;1.48001e+06;
241;113.444;0;6.50382e+06;1.49618e+06;
242;113.913;0;6.48766e+06;1.51234e+06;
243;114.381;0;6.47149e+06;1.52851e+06;
244;114.85;0;6.45533e+06;1.54467e+06;
245;115.319;0;6.43916e+06;1.56084e+06;
246;115.788;0;6.423e+06;1.577e+06;
247;116.257;0;6.40683e+06;1.59317e+06;
248;116.725;0;6.39067e+06;1.60933e+06;
249;117.194;0;6.37437e+06;1.62563e+06;
250;117.663;0;6.35765e+06;1.64235e+06;
251;118.132;0;6.34093e+06;1.65907e+06;
252;118.6;0;6.32431e+06;1.67569e+06;
253;119.069;0;6.32244e+06;1.67756e+06;
254;119.538;0;6.32057e+06;1.67943e+06;
255;120.007;0;6.31869e+06;1.68131e+06;
256;120.476;0;6.29602e+06;1.70398e+06;
257;120.944;0;6.26687e+06;1.73313e+06;
258;121.413;0;6.23773e+06;1.76227e+06;
259;121.882;0;6.2124e+06;1.7876e+06;
260;122.351;0;6.1906e+06;1.8094e+06;
261;122.819;0;6.1688e+06;1.8312e+06;
262;123.288;0;6.1493e+06;1.8507e+06;
263;123.757;0;6.13583e+06;1.86417e+06;
264;124.226;0;6.12236e+06;1.87764e+06;
265;124.695;0;6.10889e+06;1.89111e+06;
266;125.163;0;6.09542e+06;1.90458e+06;
267;125.632;0;6.08195e+06;1.91805e+06;
268;126.101;0;6.06848e+06;1.93152e+06;
269;126.57;0;6.04467e+06;1.95533e+06;
270;127.038;0;6.01809e+06;1.98191e+06;
271;127.507;0;5.99151e+06;2.00849e+06;
272;127.976;0;5.97231e+06;2.02769e+06;
273;128.445;0;5.95927e+06;2.04073e+06;
274;128.914;0;5.94622e+06;2.05378e+06;
275;129.382;0;5.93318e+06;2.06682e+06;
276;129.851;0;5.92013e+06;2.07987e+06;
277;130.32;0;5.90708e+06;2.09292e+06;
278;130.789;0;5.89299e+06;2.10701e+06;
279;131.257;0;5.86205e+06;2.13795e+06;
280;131.726;0;5.83111e+06;2.16889e+06;
281;132.195;0;5.80017e+06;2.19983e+06;
282;132.664;0;5.78215e+06;2.21785e+06;
283;133.133;0;5.76706e+06;2.23294e+06;
284;133.601;0;5.75197e+06;2.24803e+06;
285;134.07;0;5.73297e+06;2.26703e+06;
286;134.539;0;5.71104e+06;2.28896e+06;
287;135.008;0;5.68912e+06;2.31088e+06;
288;135.476;0;5.66719e+06;2.33281e+06;
289;135.945;0;5.64527e+06;2.35473e+06;
290;136.414;0;5.62334e+06;2.37666e+06;
291;136.883;0;5.60162e+06;2.39838e+06;
292;137.351;0;5.58213e+06;2.41787e+06;
293;137.82;0;5.56264e+06;2.43736e+06;
294;138.289;0;5.54314e+06;2.45686e+06;
295;138.758;0;5.5238e+06;2.4762e+06;
296;139.227;0;5.50448e+06;2.49552e+06;
297;139.695;0;5.48517e+06;2.51483e+06;
298;140.164;0;5.46585e+06;2.53415e+06;
299;140.633;0;5.44654e+06;2.55346e+06;
300;141.102;0;5.42722e+06;2.57278e+06;
301;141.57;0;5.40639e+06;2.59361e+06;
302;142.039;0;5.38279e+06;2.61721e+06;
303;142.508;0;5.35919e+06;2.64081e+06;
304;142.977;0;5.33752e+06;2.66248e+06;
305;143.446;0;5.33144e+06;2.66856e+06;
306;143.914;0;5.32536e+06;2.67464e+06;
307;144.383;0;5.31928e+06;2.68072e+06;
308;144.852;0;5.29423e+06;2.70577e+06;
309;145.321;0;5.26626e+06;2.73374e+06;
310;145.789;0;5.23829e+06;2.76171e+06;
311;146.258;0;5.21073e+06;2.78927e+06;
312;146.727;0;5.18343e+06;2.81657e+06;
313;147.196;0;5.15613e+06;2.84387e+06;
314;147.665;0;5.13414e+06;2.86586e+06;
315;148.133;0;5.12082e+06;2.87918e+06;
316;148.602;0;5.1075e+06;2.8925e+06;
317;149.071;0;5.09355e+06;2.90645e+06;
318;149.54;0;5.07558e+06;2.92442e+06;
319;150.008;0;5.05761e+06;2.94239e+06;
320;150.477;0;5.03963e+06;2.96037e+06;
321;150.946;0;5.00944e+06;2.99056e+06;
322;151.415;0;4.97777e+06;3.02223e+06;
323;151.884;0;4.94611e+06;3.05389e+06;
324;152.352;0;4.9239e+06;3.0761e+06;
325;152.821;0;4.90679e+06;3.09321e+06;
326;153.29;0;4.88968e+06;3.11032e+06;
327;153.759;0;4.86964e+06;3.13036e+06;
328;154.227;0;4.84533e+06;3.15467e+06;
329;154.696;0;4.82101e+06;3.17899e+06;
330;155.165;0;4.79669e+06;3.20331e+06;
331;155.634;0;4.77237e+06;3.22763e+06;
332;156.103;0;4.74805e+06;3.25195e+06;
333;156.571;0;4.72373e+06;3.27627e+06;
334;157.04;0;4.7029e+06;3.2971e+06;
335;157.509;0;4.68237e+06;3.31763e+06;
336;157.978;0;4.66183e+06;3.33817e+06;
337;158.446;0;4.64957e+06;3.35043e+06;
338;158.915;0;4.64129e+06;3.35871e+06;
339;159.384;0;4.633e+06;3.367e+06;
340;159.853;0;4.61265e+06;3.38735e+06;
341;160.322;0;4.57641e+06;3.42359e+06;
342;160.79;0;4.54017e+06;3.45983e+06;
343;161.259;0;4.50634e+06;3.49366e+06;
344;161.728;0;4.48286e+06;3.51714e+06;
345;162.197;0;4.45938e+06;3.54062e+06;
346;162.665;0;4.43591e+06;3.56409e+06;
347;163.134;0;4.41639e+06;3.58361e+06;
348;163.603;0;4.3971e+06;3.6029e+06;
349;164.072;0;4.37781e+06;3.62219e+06;
350;164.541;0;4.35852e+06;3.64148e+06;
351;165.009;0;4.33923e+06;3.66077e+06;
352;165.478;0;4.31994e+06;3.68006e+06;
353;165.947;0;4.29711e+06;3.70289e+06;
354;166.416;0;4.27006e+06;3.72994e+06;
355;166.884;0;4.24302e+06;3.75698e+06;
356;167.353;0;4.21915e+06;3.78085e+06;
357;167.822;0;4.20694e+06;3.79306e+06;
358;168.291;0;4.19473e+06;3.80527e+06;
359;168.76;0;4.18252e+06;3.81748e+06;
360;169.228;0;4.16069e+06;3.83931e+06;
361;169.697;0;4.13856e+06;3.86144e+06;
362;170.166;0;4.11644e+06;3.88356e+06;
363;170.635;0;4.08714e+06;3.91286e+06;
364;171.103;0;4.05516e+06;3.94484e+06;
365;171.572;0;4.02318e+06;3.97682e+06;
366;172.041;0;3.99822e+06;4.00178e+06;
367;172.51;0;3.98073e+06;4.01927e+06;
368;172.979;0;3.96324e+06;4.03676e+06;
369;173.447;0;3.94659e+06;4.05341e+06;
370;173.916;0;3.93257e+06;4.06743e+06;
371;174.385;0;3.91855e+06;4.08145e+06;
372;174.854;0;3.90454e+06;4.09546e+06;
373;175.322;0;3.869e+06;4.131e+06;
374;175.791;0;3.8334e+06;4.1666e+06;
375;176.26;0;3.7978e+06;4.2022e+06;
376;176.729;0;3.77407e+06;4.22593e+06;
377;177.197;0;3.75422e+06;4.24578e+06;
378;177.666;0;3.73437e+06;4.26563e+06;
379;178.135;0;3.7131e+06;4.2869e+06;
380;178.604;0;3.69046e+06;4.30954e+06;
381;179.073;0;3.66782e+06;4.33218e+06;
382;179.541;0;3.64518e+06;4.35482e+06;
383;180.01;0;3.62254e+06;4.37746e+06;
384;180.479;0;3.5999e+06;4.4001e+06;
385;180.948;0;3.57727e+06;4.42273e+06;
386;181.416;0;3.55476e+06;4.44524e+06;
387;181.885;0;3.53225e+06;4.46775e+06;
388;182.354;0;3.50975e+06;4.49025e+06;
389;182.823;0;3.49762e+06;4.50238e+06;
390;183.292;0;3.48844e+06;4.51156e+06;
391;183.76;0;3.47926e+06;4.52074e+06;
392;184.229;0;3.45867e+06;4.54133e+06;
393;184.698;0;3.42819e+06;4.57181e+06;
394;185.167;0;3.3977e+06;4.6023e+06;
395;185.635;0;3.36845e+06;4.63155e+06;
396;186.104;0;3.34216e+06;4.65784e+06;
397;186.573;0;3.31588e+06;4.68412e+06;
398;187.042;0;3.29032e+06;4.70968e+06;
399;187.511;0;3.27885e+06;4.72115e+06;
400;187.979;0;3.26738e+06;4.73262e+06;
401;188.448;0;3.25591e+06;4.74409e+06;
402;188.917;0;3.23514e+06;4.76486e+06;
403;189.386;0;3.21213e+06;4.78787e+06;
404;189.854;0;3.18911e+06;4.81089e+06;
405;190.323;0;3.16205e+06;4.83795e+06;
406;190.792;0;3.13182e+06;4.86818e+06;
407;191.261;0;3.1016e+06;4.8984e+06;
408;191.73;0;3.07645e+06;4.92355e+06;
409;192.198;0;3.06214e+06;4.93786e+06;
410;192.667;0;3.04784e+06;4.95216e+06;
411;193.136;0;3.0328e+06;4.9672e+06;
412;193.605;0;3.00859e+06;4.99141e+06;
413;194.073;0;2.98439e+06;5.01561e+06;
414;194.542;0;2.96018e+06;5.03982e+06;
415;195.011;0;2.93598e+06;5.06402e+06;
416;195.48;0;2.91177e+06;5.08823e+06;
417;195.949;0;2.88757e+06;5.11243e+06;
418;196.417;0;2.867e+06;5.133e+06;
419;196.886;0;2.84897e+06;5.15103e+06;
420;197.355;0;2.83095e+06;5.16905e+06;
421;197.824;0;2.81566e+06;5.18434e+06;
422;198.292;0;2.80558e+06;5.19442e+06;
423;198.761;0;2.7955e+06;5.2045e+06;
424;199.23;0;2.78328e+06;5.21672e+06;
425;199.699;0;2.75185e+06;5.24815e+06;
426;200.168;0;2.72043e+06;5.27957e+06;
427;200.636;0;2.68901e+06;5.31099e+06;
428;201.105;0;2.66671e+06;5.33329e+06;
429;201.574;0;2.64594e+06;5.35406e+06;
430;202.043;0;2.62516e+06;5.37484e+06;
431;202.511;0;2.60597e+06;5.39403e+06;
432;202.98;0;2.58777e+06;5.41223e+06;
433;203.449;0;2.56958e+06;5.43042e+06;
434;203.918;0;2.55138e+06;5.44862e+06;
435;204.387;0;2.53319e+06;5.46681e+06;
436;204.855;0;2.51499e+06;5.48501e+06;
437;205.324;0;2.49611e+06;5.50389e+06;
438;205.793;0;2.47246e+06;5.52754e+06;
439;206.262;0;2.44881e+06;5.55119e+06;
440;206.73;0;2.42517e+06;5.57483e+06;
441;207.199;0;2.41304e+06;5.58696e+06;
442;207.668;0;2.40244e+06;5.59756e+06;
443;208.137;0;2.39184e+06;5.60816e+06;
444;208.606;0;2.37459e+06;5.62541e+06;
445;209.074;0;2.35359e+06;5.64641e+06;
446;209.543;0;2.33259e+06;5.66741e+06;
447;210.012;0;2.30965e+06;5.69035e+06;
448;210.481;0;2.28373e+06;5.71627e+06;
449;210.949;0;2.25781e+06;5.74219e+06;
450;211.418;0;2.23373e+06;5.76627e+06;
451;211.887;0;2.2199e+06;5.7801e+06;
452;212.356;0;2.20606e+06;5.79394e+06;
453;212.824;0;2.19223e+06;5.80777e+06;
454;213.293;0;2.17839e+06;5.82161e+06;
455;213.762;0;2.16455e+06;5.83545e+06;
456;214.231;0;2.15072e+06;5.84928e+06;
457;214.7;0;2.12827e+06;5.87173e+06;
458;215.168;0;2.10149e+06;5.89851e+06;
459;215.637;0;2.07471e+06;5.92529e+06;
460;216.106;0;2.05385e+06;5.94615e+06;
461;216.575;0;2.04112e+06;5.95888e+06;
462;217.043;0;2.02838e+06;5.97162e+06;
463;217.512;0;2.01564e+06;5.98436e+06;
464;217.981;0;2.0029e+06;5.9971e+06;
465;218.45;0;1.99017e+06;6.00983e+06;
466;218.919;0;1.97743e+06;6.02257e+06;
467;219.387;0;1.95264e+06;6.04736e+06;
468;219.856;0;1.92701e+06;6.07299e+06;
469;220.325;0;1.90139e+06;6.09861e+06;
470;220.794;0;1.88112e+06;6.11888e+06;
471;221.262;0;1.86323e+06;6.13677e+06;
472;221.731;0;1.84535e+06;6.15465e+06;
473;222.2;0;1.82873e+06;6.17127e+06;
474;222.669;0;1.81367e+06;6.18633e+06;
475;223.138;0;1.79861e+06;6.20139e+06;
476;223.606;0;1.78355e+06;6.21645e+06;
477;224.075;0;1.76849e+06;6.23151e+06;
478;224.544;0;1.75343e+06;6.24657e+06;
479;225.013;0;1.73837e+06;6.26163e+06;
480;225.481;0;1.71916e+06;6.28084e+06;
481;225.95;0;1.69979e+06;6.30021e+06;
482;226.419;0;1.68041e+06;6.31959e+06;
483;226.888;0;1.66549e+06;6.33451e+06;
484;227.357;0;1.65232e+06;6.34768e+06;
485;227.825;0;1.63915e+06;6.36085e+06;
486;228.294;0;1.62598e+06;6.37402e+06;
487;228.763;0;1.61282e+06;6.38718e+06;
488;229.232;0;1.59965e+06;6.40035e+06;
489;229.7;0;1.58597e+06;6.41403e+06;
490;230.169;0;1.57056e+06;6.42944e+06;
491;230.638;0;1.55516e+06;6.44484e+06;
492;231.107;0;1.53975e+06;6.46025e+06;
493;231.576;0;1.52434e+06;6.47566e+06;
494;232.044;0;1.50894e+06;6.49106e+06;
495;232.513;0;1.49353e+06;6.50647e+06;
496;232.982;0;1.4771e+06;6.5229e+06;
497;233.451;0;1.4603e+06;6.5397e+06;
498;233.919;0;1.44351e+06;6.55649e+06;
499;234.388;0;1.42672e+06;6.57328e+06;
500;234.857;0;1.40992e+06;6.59008e+06;
501;235.326;0;1.39313e+06;6.60687e+06;
502;235.795;0;1.37763e+06;6.62237e+06;
503;236.263;0;1.36589e+06;6.63411e+06;
504;236.732;0;1.35415e+06;6.64585e+06;
505;237.201;0;1.34237e+06;6.65763e+06;
506;237.67;0;1.32811e+06;6.67189e+06;
507;238.138;0;1.31385e+06;6.68615e+06;
508;238.607;0;1.29959e+06;6.70041e+06;
509;239.076;0;1.28533e+06;6.71467e+06;
510;239.545;0;1.27107e+06;6.72893e+06;
511;240.014;0;1.25681e+06;6.74319e+06;
512;240.482;0;1.24463e+06;6.75537e+06;
513;240.951;0;1.23432e+06;6.76568e+06;
514;241.42;0;1.22401e+06;6.77599e+06;
515;241.889;0;1.21371e+06;6.78629e+06;
516;242.357;0;1.2034e+06;6.7966e+06;
517;242.826;0;1.19309e+06;6.80691e+06;
518;243.295;0;1.18259e+06;6.81741e+06;
519;243.764;0;1.1673e+06;6.8327e+06;
520;244.233;0;1.152e+06;6.848e+06;
521;244.701;0;1.13671e+06;6.86329e+06;
522;245.17;0;1.12141e+06;6.87859e+06;
523;245.639;0;1.10612e+06;6.89388e+06;
524;246.108;0;1.09083e+06;6.90917e+06;
525;246.576;0;1.07845e+06;6.92155e+06;
526;247.045;0;1.06844e+06;6.93156e+06;
527;247.514;0;1.05843e+06;6.94157e+06;
528;247.983;0;1.04841e+06;6.95159e+06;
529;248.452;0;1.0384e+06;6.9616e+06;
530;248.92;0;1.02839e+06;6.97161e+06;
531;249.389;0;1.0183e+06;6.9817e+06;
532;249.858;0;1.00699e+06;6.99301e+06;
533;250.327;0;995691;7.00431e+06;
534;250.795;0;984389;7.01561e+06;
535;251.264;0;973086;7.02691e+06;
536;251.733;0;961784;7.03822e+06;
537;252.202;0;950482;7.04952e+06;
538;252.67;0;938812;7.06119e+06;
539;253.139;0;926875;7.07313e+06;
540;253.608;0;914938;7.08506e+06;
541;254.077;0;903001;7.097e+06;
542;254.546;0;891063;7.10894e+06;
543;255.014;0;879126;7.12087e+06;
544;255.483;0;867400;7.1326e+06;
545;255.952;0;857786;7.14221e+06;
546;256.421;0;848172;7.15183e+06;
547;256.889;0;838559;7.16144e+06;
548;257.358;0;828945;7.17106e+06;
549;257.827;0;819331;7.18067e+06;
550;258.296;0;809717;7.19028e+06;
551;258.765;0;800104;7.1999e+06;
552;259.233;0;790490;7.20951e+06;
553;259.702;0;780876;7.21912e+06;
554;260.171;0;771597;7.2284e+06;
555;260.64;0;762913;7.23709e+06;
556;261.108;0;754228;7.24577e+06;
557;261.577;0;745544;7.25446e+06;
558;262.046;0;736860;7.26314e+06;
559;262.515;0;728175;7.27182e+06;
560;262.984;0;719491;7.28051e+06;
561;263.452;0;710806;7.28919e+06;
562;263.921;0;702122;7.29788e+06;
563;264.39;0;693437;7.30656e+06;
564;264.859;0;685232;7.31477e+06;
565;265.327;0;677309;7.32269e+06;
566;265.796;0;669385;7.33061e+06;
567;266.265;0;661462;7.33854e+06;
568;266.734;0;653538;7.34646e+06;
569;267.203;0;645615;7.35439e+06;
570;267.671;0;637691;7.36231e+06;
571;268.14;0;629768;7.37023e+06;
572;268.609;0;621844;7.37816e+06;
573;269.078;0;613921;7.38608e+06;
574;269.546;0;606609;7.39339e+06;
575;270.015;0;599365;7.40063e+06;
576;270.484;0;592122;7.40788e+06;
577;270.953;0;584878;7.41512e+06;
578;271.422;0;577635;7.42236e+06;
579;271.89;0;570392;7.42961e+06;
580;272.359;0;563148;7.43685e+06;
581;272.828;0;555905;7.4441e+06;
582;273.297;0;548661;7.45134e+06;
583;273.765;0;541515;7.45849e+06;
584;274.234;0;534843;7.46516e+06;
585;274.703;0;528172;7.47183e+06;
586;275.172;0;521501;7.4785e+06;
587;275.641;0;514830;7.48517e+06;
588;276.109;0;508158;7.49184e+06;
589;276.578;0;501487;7.49851e+06;
590;277.047;0;494816;7.50518e+06;
591;277.516;0;488144;7.51186e+06;
592;277.984;0;481473;7.51853e+06;
593;278.453;0;474974;7.52503e+06;
594;278.922;0;468696;7.5313e+06;
595;279.391;0;462418;7.53758e+06;
596;279.86;0;456139;7.54386e+06;
597;280.328;0;449861;7.55014e+06;
598;280.797;0;443583;7.55642e+06;
599;281.266;0;437304;7.5627e+06;
600;281.735;0;431026;7.56897e+06;
601;282.203;0;424748;7.57525e+06;
602;282.672;0;418469;7.58153e+06;
603;283.141;0;412191;7.58781e+06;
604;283.61;0;405913;7.59409e+06;
605;284.079;0;399634;7.60037e+06;
606;284.547;0;394001;7.606e+06;
607;285.016;0;389111;7.61089e+06;
608;285.485;0;384222;7.61578e+06;
609;285.954;0;379332;7.62067e+06;
610;286.422;0;374442;7.62556e+06;
611;286.891;0;369553;7.63045e+06;
612;287.36;0;364663;7.63534e+06;
613;287.829;0;359773;7.64023e+06;
614;288.298;0;354884;7.64512e+06;
615;288.766;0;349994;7.65001e+06;
616;289.235;0;345104;7.6549e+06;
617;289.704;0;340215;7.65979e+06;
618;290.173;0;335325;7.66467e+06;
619;290.641;0;330435;7.66956e+06;
620;291.11;0;325546;7.67445e+06;
621;291.579;0;320656;7.67934e+06;
622;292.048;0;315961;7.68404e+06;
623;292.516;0;311861;7.68814e+06;
624;292.985;0;307760;7.69224e+06;
625;293.454;0;303660;7.69634e+06;
626;293.923;0;299559;7.70044e+06;
627;294.392;0;295459;7.70454e+06;
628;294.86;0;291359;7.70864e+06;
629;295.329;0;287258;7.71274e+06;
630;295.798;0;283158;7.71684e+06;
631;296.267;0;279057;7.72094e+06;
632;296.735;0;274957;7.72504e+06;
633;297.204;0;270856;7.72914e+06;
634;297.673;0;266756;7.73324e+06;
635;298.142;0;262655;7.73734e+06;
636;298.611;0;258555;7.74145e+06;
637;299.079;0;254454;7.74555e+06;
638;299.548;0;250354;7.74965e+06;
639;300.017;0;246254;7.75375e+06;
640;300.486;0;242153;7.75785e+06;
641;300.954;0;238053;7.76195e+06;
642;301.423;0;234813;7.76519e+06;
643;301.892;0;231809;7.76819e+06;
644;302.361;0;228804;7.7712e+06;
645;302.83;0;225799;7.7742e+06;
646;303.298;0;222795;7.77721e+06;
647;303.767;0;219790;7.78021e+06;
648;304.236;0;216785;7.78321e+06;
649;304.705;0;213781;7.78622e+06;
650;305.173;0;210776;7.78922e+06;
651;305.642;0;207771;7.79223e+06;
652;306.111;0;204767;7.79523e+06;
653;306.58;0;201762;7.79824e+06;
654;307.049;0;198757;7.80124e+06;
655;307.517;0;195753;7.80425e+06;
656;307.986;0;192748;7.80725e+06;
657;308.455;0;189743;7.81026e+06;
658;308.924;0;186739;7.81326e+06;
659;309.392;0;183734;7.81627e+06;
660;309.861;0;180729;7.81927e+06;
661;310.33;0;177725;7.82228e+06;
662;310.799;0;174720;7.82528e+06;
663;311.268;0;171715;7.82828e+06;
664;311.736;0;168711;7.83129e+06;
665;312.205;0;165706;7.83429e+06;
666;312.674;0;162701;7.8373e+06;
667;313.143;0;159697;7.8403e+06;
668;313.611;0;157591;7.84241e+06;
669;314.08;0;155660;7.84434e+06;
670;314.549;0;153728;7.84627e+06;
671;315.018;0;151797;7.8482e+06;
672;315.487;0;149865;7.85013e+06;
673;315.955;0;147934;7.85207e+06;
674;316.424;0;146003;7.854e+06;
675;316.893;0;144071;7.85593e+06;
676;317.362;0;142140;7.85786e+06;
677;317.83;0;140208;7.85979e+06;
678;318.299;0;138277;7.86172e+06;
679;318.768;0;136345;7.86365e+06;
680;319.237;0;134414;7.86559e+06;
681;319.706;0;132482;7.86752e+06;
682;320.174;0;130551;7.86945e+06;
683;320.643;0;128620;7.87138e+06;
684;321.112;0;126688;7.87331e+06;
685;321.581;0;124757;7.87524e+06;
686;322.049;0;122825;7.87717e+06;
687;322.518;0;120894;7.87911e+06;
688;322.987;0;118962;7.88104e+06;
689;323.456;0;117031;7.88297e+06;
690;323.925;0;115100;7.8849e+06;
691;324.393;0;113168;7.88683e+06;
692;324.862;0;111237;7.88876e+06;
693;325.331;0;109305;7.89069e+06;
694;325.8;0;107374;7.89263e+06;
695;326.268;0;105442;7.89456e+06;
696;326.737;0;103511;7.89649e+06;
697;327.206;0;101580;7.89842e+06;
698;327.675;0;99648.1;7.90035e+06;
699;328.144;0;97716.7;7.90228e+06;
700;328.612;0;95785.3;7.90421e+06;
701;329.081;0;93853.8;7.90615e+06;
702;329.55;0;91922.4;7.90808e+06;
703;330.019;0;89991;7.91001e+06;
704;330.487;0;88059.5;7.91194e+06;
705;330.956;0;86128.1;7.91387e+06;
706;331.425;0;84196.7;7.9158e+06;
707;331.894;0;82265.2;7.91773e+06;
708;332.362;0;80333.8;7.91967e+06;
709;332.831;0;78402.4;7.9216e+06;
710;333.3;0;77585.9;7.92241e+06;
711;333.769;0;77313.4;7.92269e+06;
712;334.238;0;77041;7.92296e+06;
713;334.706;0;76768.5;7.92323e+06;
714;335.175;0;76496;7.9235e+06;
715;335.644;0;76223.6;7.92378e+06;
716;336.113;0;75951.1;7.92405e+06;
717;336.581;0;75678.6;7.92432e+06;
718;337.05;0;75406.2;7.92459e+06;
719;337.519;0;75133.7;7.92487e+06;
720;337.988;0;74861.2;7.92514e+06;
721;338.457;0;74588.8;7.92541e+06;
722;338.925;0;74316.3;7.92568e+06;
723;339.394;0;74043.9;7.92596e+06;
724;339.863;0;73771.4;7.92623e+06;
725;340.332;0;73498.9;7.9265e+06;
726;340.8;0;73226.5;7.92677e+06;
727;341.269;0;72954;7.92705e+06;
728;341.738;0;72681.5;7.92732e+06;
729;342.207;0;72409.1;7.92759e+06;
730;342.676;0;72136.6;7.92786e+06;
731;343.144;0;71864.1;7.92814e+06;
732;343.613;0;71591.7;7.92841e+06;
733;344.082;0;71319.2;7.92868e+06;
734;344.551;0;71046.7;7.92895e+06;
735;345.019;0;70774.3;7.92923e+06;
736;345.488;0;70501.8;7.9295e+06;
737;345.957;0;70229.4;7.92977e+06;
738;346.426;0;69956.9;7.93004e+06;
739;346.895;0;69684.4;7.93032e+06;
740;347.363;0;69412;7.93059e+06;
741;347.832;0;69139.5;7.93086e+06;
742;348.301;0;68867;7.93113e+06;
743;348.77;0;68594.6;7.93141e+06;
744;349.238;0;68322.1;7.93168e+06;
745;349.707;0;68049.6;7.93195e+06;
746;350.176;0;67777.2;7.93222e+06;
747;350.645;0;67504.7;7.9325e+06;
748;351.114;0;67232.3;7.93277e+06;
749;351.582;0;66959.8;7.93304e+06;
750;352.051;0;66687.3;7.93331e+06;
751;352.52;0;66414.9;7.93359e+06;
752;352.989;0;66142.4;7.93386e+06;
753;353.457;0;65869.9;7.93413e+06;
754;353.926;0;65597.5;7.9344e+06;
755;354.395;0;65325;7.93467e+06;
756;354.864;0;65052.5;7.93495e+06;
757;355.333;0;64780.1;7.93522e+06;
758;355.801;0;64507.6;7.93549e+06;
759;356.27;0;64235.1;7.93576e+06;
760;356.739;0;63962.7;7.93604e+06;
761;357.208;0;63690.2;7.93631e+06;
762;357.676;0;63417.8;7.93658e+06;
763;358.145;0;63145.3;7.93685e+06;
764;358.614;0;62872.8;7.93713e+06;
765;359.083;0;62600.4;7.9374e+06;
766;359.552;0;62327.9;7.93767e+06;
767;360.02;0;62055.4;7.93794e+06;
768;360.489;0;61783;7.93822e+06;
769;360.958;0;61510.5;7.93849e+06;
770;361.427;0;61238;7.93876e+06;
771;361.895;0;60965.6;7.93903e+06;
772;362.364;0;60693.1;7.93931e+06;
773;362.833;0;60420.7;7.93958e+06;
774;363.302;0;60148.2;7.93985e+06;
775;363.771;0;59875.7;7.94012e+06;
776;364.239;0;59603.3;7.9404e+06;
777;364.708;0;59330.8;7.94067e+06;
778;365.177;0;59058.3;7.94094e+06;
779;365.646;0;58785.9;7.94121e+06;
780;366.114;0;58513.4;7.94149e+06;
781;366.583;0;58240.9;7.94176e+06;
782;367.052;0;57968.5;7.94203e+06;
783;367.521;0;57696;7.9423e+06;
784;367.989;0;57423.5;7.94258e+06;
785;368.458;0;57151.1;7.94285e+06;
786;368.927;0;56878.6;7.94312e+06;
787;369.396;0;56606.2;7.94339e+06;
788;369.865;0;56333.7;7.94367e+06;
789;370.333;0;56061.2;7.94394e+06;
790;370.802;0;55788.8;7.94421e+06;
791;371.271;0;55516.3;7.94448e+06;
792;371.74;0;55243.8;7.94476e+06;
793;372.208;0;54971.4;7.94503e+06;
794;372.677;0;54698.9;7.9453e+06;
795;373.146;0;54426.4;7.94557e+06;
796;373.615;0;54154;7.94585e+06;
797;374.084;0;53881.5;7.94612e+06;
798;374.552;0;53609.1;7.94639e+06;
799;375.021;0;53336.6;7.94666e+06;
800;375.49;0;53064.1;7.94694e+06;
801;375.959;0;52791.7;7.94721e+06;
802;376.427;0;52519.2;7.94748e+06;
803;376.896;0;52246.7;7.94775e+06;
804;377.365;0;51974.3;7.94803e+06;
805;377.834;0;51701.8;7.9483e+06;
806;378.303;0;51429.3;7.94857e+06;
807;378.771;0;51156.9;7.94884e+06;
808;379.24;0;50884.4;7.94912e+06;
809;379.709;0;50612;7.94939e+06;
810;380.178;0;50339.5;7.94966e+06;
811;380.646;0;50067;7.94993e+06;
812;381.115;0;49794.6;7.95021e+06;
813;381.584;0;49522.1;7.95048e+06;
814;382.053;0;49249.6;7.95075e+06;
815;382.522;0;48977.2;7.95102e+06;
816;382.99;0;48704.7;7.9513e+06;
817;383.459;0;48432.2;7.95157e+06;
818;383.928;0;48159.8;7.95184e+06;
819;384.397;0;47887.3;7.95211e+06;
820;384.865;0;47614.8;7.95239e+06;
821;385.334;0;47342.4;7.95266e+06;
822;385.803;0;47069.9;7.95293e+06;
823;386.272;0;46797.5;7.9532e+06;
824;386.741;0;46525;7.95348e+06;
825;387.209;0;46252.5;7.95375e+06;
826;387.678;0;45980.1;7.95402e+06;
827;388.147;0;45707.6;7.95429e+06;
828;388.616;0;45435.1;7.95456e+06;
829;389.084;0;45162.7;7.95484e+06;
830;389.553;0;44890.2;7.95511e+06;
831;390.022;0;44617.7;7.95538e+06;
832;390.491;0;44345.3;7.95565e+06;
833;390.96;0;44072.8;7.95593e+06;
834;391.428;0;43800.4;7.9562e+06;
835;391.897;0;43527.9;7.95647e+06;
836;392.366;0;43255.4;7.95674e+06;
837;392.835;0;42983;7.95702e+06;
838;393.303;0;42710.5;7.95729e+06;
839;393.772;0;42438;7.95756e+06;
840;394.241;0;42165.6;7.95783e+06;
841;394.71;0;41893.1;7.95811e+06;
842;395.179;0;41620.6;7.95838e+06;
843;395.647;0;41348.2;7.95865e+06;
844;396.116;0;41075.7;7.95892e+06;
845;396.585;0;40803.2;7.9592e+06;
846;397.054;0;40530.8;7.95947e+06;
847;397.522;0;40258.3;7.95974e+06;
848;397.991;0;39985.9;7.96001e+06;
849;398.46;0;39713.4;7.96029e+06;
850;398.929;0;39440.9;7.96056e+06;
851;399.398;0;39168.5;7.96083e+06;
852;399.866;0;38896;7.9611e+06;
853;400.335;0;38623.5;7.96138e+06;
854;400.804;0;38351.1;7.96165e+06;
855;401.273;0;38078.6;7.96192e+06;
856;401.741;0;37806.1;7.96219e+06;
857;402.21;0;37533.7;7.96247e+06;
858;402.679;0;37261.2;7.96274e+06;
859;403.148;0;36988.8;7.96301e+06;
860;403.617;0;36716.3;7.96328e+06;
861;404.085;0;36443.8;7.96356e+06;
862;404.554;0;36171.4;7.96383e+06;
863;405.023;0;35898.9;7.9641e+06;
864;405.492;0;35626.4;7.96437e+06;
865;405.96;0;35354;7.96465e+06;
866;406.429;0;35081.5;7.96492e+06;
867;406.898;0;34809;7.96519e+06;
868;407.367;0;34536.6;7.96546e+06;
869;407.835;0;34264.1;7.96574e+06;
870;408.304;0;33991.6;7.96601e+06;
871;408.773;0;33719.2;7.96628e+06;
872;409.242;0;33446.7;7.96655e+06;
873;409.711;0;33174.3;7.96683e+06;
874;410.179;0;32901.8;7.9671e+06;
875;410.648;0;32629.3;7.96737e+06;
876;411.117;0;32356.9;7.96764e+06;
877;411.586;0;32084.4;7.96792e+06;
878;412.054;0;31811.9;7.96819e+06;
879;412.523;0;31539.5;7.96846e+06;
880;412.992;0;31267;7.96873e+06;
881;413.461;0;30994.5;7.96901e+06;
882;413.93;0;30722.1;7.96928e+06;
883;414.398;0;30449.6;7.96955e+06;
884;414.867;0;30177.2;7.96982e+06;
885;415.336;0;29904.7;7.9701e+06;
886;415.805;0;29632.2;7.97037e+06;
887;416.273;0;29359.8;7.97064e+06;
888;416.742;0;29087.3;7.97091e+06;
889;417.211;0;28814.8;7.97119e+06;
890;417.68;0;28542.4;7.97146e+06;
891;418.149;0;28269.9;7.97173e+06;
892;418.617;0;27997.4;7.972e+06;
893;419.086;0;27725;7.97228e+06;
894;419.555;0;27452.5;7.97255e+06;
895;420.024;0;27180;7.97282e+06;
896;420.492;0;26907.6;7.97309e+06;
897;420.961;0;26635.1;7.97336e+06;
898;421.43;0;26362.7;7.97364e+06;
899;421.899;0;26090.2;7.97391e+06;
900;422.368;0;25817.7;7.97418e+06;
901;422.836;0;25545.3;7.97445e+06;
902;423.305;0;25272.8;7.97473e+06;
903;423.774;0;25000.3;7.975e+06;
904;424.243;0;24727.9;7.97527e+06;
905;424.711;0;24455.4;7.97554e+06;
906;425.18;0;24182.9;7.97582e+06;
907;425.649;0;23910.5;7.97609e+06;
908;426.118;0;23638;7.97636e+06;
909;426.587;0;23365.6;7.97663e+06;
910;427.055;0;23093.1;7.97691e+06;
911;427.524;0;22820.6;7.97718e+06;
912;427.993;0;22548.2;7.97745e+06;
913;428.462;0;22275.7;7.97772e+06;
914;428.93;0;22003.2;7.978e+06;
915;429.399;0;21730.8;7.97827e+06;
916;429.868;0;21458.3;7.97854e+06;
917;430.337;0;21185.8;7.97881e+06;
918;430.806;0;20913.4;7.97909e+06;
919;431.274;0;20640.9;7.97936e+06;
920;431.743;0;20368.5;7.97963e+06;
921;432.212;0;20096;7.9799e+06;
922;432.681;0;19823.5;7.98018e+06;
923;433.149;0;19551.1;7.98045e+06;
924;433.618;0;19278.6;7.98072e+06;
925;434.087;0;19006.1;7.98099e+06;
926;434.556;0;18733.7;7.98127e+06;
927;435.025;0;18461.2;7.98154e+06;
928;435.493;0;18188.7;7.98181e+06;
929;435.962;0;17916.3;7.98208e+06;
930;436.431;0;17643.8;7.98236e+06;
931;436.9;0;17371.3;7.98263e+06;
932;437.368;0;17098.9;7.9829e+06;
933;437.837;0;16826.4;7.98317e+06;
934;438.306;0;16554;7.98345e+06;
935;438.775;0;16281.5;7.98372e+06;
936;439.244;0;16009;7.98399e+06;
937;439.712;0;15736.6;7.98426e+06;
938;440.181;0;15464.1;7.98454e+06;
939;440.65;0;15191.6;7.98481e+06;
940;441.119;0;14919.2;7.98508e+06;
941;441.587;0;14646.7;7.98535e+06;
942;442.056;0;14374.2;7.98563e+06;
943;442.525;0;14101.8;7.9859e+06;
944;442.994;0;13829.3;7.98617e+06;
945;443.463;0;13556.9;7.98644e+06;
946;443.931;0;13284.4;7.98672e+06;
947;444.4;0;13011.9;7.98699e+06;
948;444.869;0;12739.5;7.98726e+06;
949;445.338;0;12467;7.98753e+06;
950;445.806;0;12194.5;7.98781e+06;
951;446.275;0;11922.1;7.98808e+06;
952;446.744;0;11649.6;7.98835e+06;
953;447.213;0;11377.1;7.98862e+06;
954;447.681;0;11104.7;7.9889e+06;
955;448.15;0;10832.2;7.98917e+06;
956;448.619;0;10559.7;7.98944e+06;
957;449.088;0;10287.3;7.98971e+06;
958;449.557;0;10014.8;7.98999e+06;
959;450.025;0;9742.36;7.99026e+06;
960;450.494;0;9469.89;7.99053e+06;
961;450.963;0;9197.43;7.9908e+06;
962;451.432;0;8924.96;7.99108e+06;
963;451.9;0;8652.5;7.99135e+06;
964;452.369;0;8380.04;7.99162e+06;
965;452.838;0;8107.57;7.99189e+06;
966;453.307;0;7835.11;7.99216e+06;
967;453.776;0;7562.64;7.99244e+06;
968;454.244;0;7290.18;7.99271e+06;
969;454.713;0;7017.72;7.99298e+06;
970;455.182;0;6745.25;7.99325e+06;
971;455.651;0;6472.79;7.99353e+06;
972;456.119;0;6200.32;7.9938e+06;
973;456.588;0;5927.86;7.99407e+06;
974;457.057;0;5655.4;7.99434e+06;
975;457.526;0;5382.93;7.99462e+06;
976;457.995;0;5110.47;7.99489e+06;
977;458.463;0;4838;7.99516e+06;
978;458.932;0;4565.54;7.99543e+06;
979;459.401;0;4293.08;7.99571e+06;
980;459.87;0;4020.61;7.99598e+06;
981;460.338;0;3748.15;7.99625e+06;
982;460.807;0;3475.68;7.99652e+06;
983;461.276;0;3203.22;7.9968e+06;
984;461.745;0;2930.76;7.99707e+06;
985;462.214;0;2658.29;7.99734e+06;
986;462.682;0;2385.83;7.99761e+06;
987;463.151;0;2113.36;7.99789e+06;
988;463.62;0;1840.9;7.99816e+06;
989;464.089;0;1568.44;7.99843e+06;
990;464.557;0;1295.97;7.9987e+06;
991;465.026;0;1023.51;7.99898e+06;
992;465.495;0;751.045;7.99925e+06;
993;465.964;0;478.581;7.99952e+06;
994;466.433;0;206.117;7.99979e+06;
995;466.901;0;0;8e+06;
996;467.37;0;0;8e+06;
997;467.839;0;0;8e+06;
998;468.308;0;0;8e+06;
999;468.776;0;0;8e+06;
